observation_id,barcode,site_name,sample_date,water_type,cbt_ecoli_cfu,cbt_censored,sensor_mon2_raw,sensor_tof_raw,water_temp_c,mon2c_temp_corrected,mon2c_normalized,tof_normalized,predicted_log10_cfu_insample,predicted_log10_cfu_loocv,loocv_agreement,who_risk_true,who_risk_predicted
1,50065,LSC15529,2026-05-25 10:12:00,Treated,0,FALSE,294.0,39.000,34.66,212.89,-7.00,0.000,0.2915,0.2950,TRUE,Conformity,Conformity
2,50045,LSC15529,2026-05-25 10:12:00,Treated,0,FALSE,307.0,28.000,30.73,242.40,-79.95,-1.000,0.6354,0.6614,TRUE,Conformity,Low
3,50065,LSC11397,2026-05-25 10:26:00,Treated,0,FALSE,387.0,39.000,32.03,296.96,77.07,0.000,0.7401,0.7503,TRUE,Conformity,Low
4,50045,LSC11397,2026-05-25 10:26:00,Treated,0,FALSE,322.0,29.000,27.30,274.18,-48.17,0.000,0.6720,0.6957,TRUE,Conformity,Low
5,50065,LSC15371,2026-05-25 10:35:00,Treated,0,FALSE,338.0,38.000,30.76,266.68,46.79,-1.000,0.4722,0.4803,TRUE,Conformity,Low
6,50065,LSC11400,2026-05-25 10:45:00,Treated,0,FALSE,333.0,38.000,30.08,266.71,46.82,-1.000,0.4383,0.4473,TRUE,Conformity,Low
7,50045,LSC11400,2026-05-25 10:45:00,Treated,0,FALSE,344.0,30.000,25.78,302.86,-19.49,1.000,0.7674,0.7943,TRUE,Conformity,Low
8,50065,LSC15206,2026-05-25 11:07:00,Treated,0,FALSE,330.0,38.000,28.61,273.03,53.14,-1.000,0.4052,0.4172,TRUE,Conformity,Low
9,50045,LSC15206,2026-05-25 11:07:00,Treated,0,FALSE,364.0,30.000,26.06,318.52,-3.82,1.000,0.8740,0.9020,TRUE,Conformity,Low
10,50065,LSC15206,2026-05-25 10:55:00,Treated,48,FALSE,341.0,38.000,29.29,277.91,58.02,-1.000,0.4701,0.4407,FALSE,Intermediate,Low
11,50045,LSC15206,2026-05-25 10:55:00,Treated,48,FALSE,324.0,30.000,26.04,283.65,-38.70,1.000,0.6673,0.6286,FALSE,Intermediate,Low
12,50065,Kamonyi. EP Rwishwima. Near nursery class2. Rain water tank,2026-05-25 11:16:00,Source (untreated),5,FALSE,458.0,41.000,27.87,385.14,165.25,2.000,1.0570,1.0673,TRUE,Low,Intermediate
13,50045,Kamonyi. EP Rwishwima. Near nursery class2. Rain water tank,2026-05-25 11:16:00,Source (untreated),5,FALSE,399.0,32.000,26.19,348.20,25.86,3.000,1.0561,1.0652,TRUE,Low,Intermediate
14,50065,Kamonyi. EP Rwishwima. In front of the kitchen. Rain water tank,2026-05-25 11:20:00,Source (untreated),5,FALSE,463.0,41.000,27.11,395.88,175.98,2.000,1.0738,1.0862,TRUE,Low,Intermediate
15,50045,Kamonyi. EP Rwishwima. In front of the kitchen. Rain water tank,2026-05-25 11:20:00,Source (untreated),5,FALSE,406.0,32.000,25.57,359.16,36.81,3.000,1.0848,1.0951,TRUE,Low,Intermediate
16,50065,Kamonyi. EP Rwishwima. Between nursery class1 and nursery class2. Spring water tap,2026-05-25 11:30:00,Source (untreated),0,FALSE,370.0,39.000,25.58,327.24,107.35,0.000,0.5756,0.6053,TRUE,Conformity,Low
17,50065,Kamonyi. EP Rwishwima. Between nursery class1 and nursery class2. Spring water tap,2026-05-25 11:33:00,Source (untreated),0,FALSE,367.0,39.000,25.58,324.58,104.69,0.000,0.5601,0.5892,TRUE,Conformity,Low
18,50065,Kamonyi. EP Rwishwima. Near the toilets. Rain water tank,2026-05-25 11:42:00,Source (untreated),0,FALSE,355.0,38.000,26.14,310.13,90.24,-1.000,0.5048,0.5286,TRUE,Conformity,Low
19,50045,Kamonyi. EP Rwishwima. Near the toilets. Rain water tank,2026-05-25 11:42:00,Source (untreated),0,FALSE,368.0,30.000,25.48,326.17,3.82,1.000,0.8877,0.9169,TRUE,Conformity,Low
20,50065,Kamonyi. EP Rwishwima. Near the toilets. Rain water tank,2026-05-25 11:45:00,Source (untreated),0,FALSE,355.0,39.000,25.93,311.56,91.67,0.000,0.5023,0.5274,TRUE,Conformity,Low
21,50045,Kamonyi. EP Rwishwima. Near the toilets. Rain water tank,2026-05-25 11:45:00,Source (untreated),0,FALSE,368.0,30.000,25.47,326.23,3.88,1.000,0.8876,0.9168,TRUE,Conformity,Low
22,50065,LSC15197,2026-05-26 09:43:00,Treated,3,FALSE,330.0,38.000,31.98,253.49,33.60,-1.000,0.4454,0.4434,TRUE,Low,Low
23,50045,LSC15197,2026-05-26 09:43:00,Treated,3,FALSE,360.0,29.000,29.88,289.62,-32.73,0.000,0.8988,0.9098,TRUE,Low,Low
24,50065,LSC11394,2026-05-26 09:51:00,Treated,0,FALSE,317.0,38.000,33.12,237.47,17.57,-1.000,0.3918,0.3965,TRUE,Conformity,Low
25,50065,LSC15145,2026-05-26 10:00:00,Treated,0,FALSE,318.0,38.000,31.27,248.15,28.26,-1.000,0.3749,0.3812,TRUE,Conformity,Low
26,50045,LSC15145,2026-05-26 10:00:00,Treated,0,FALSE,354.0,29.000,25.71,312.19,-10.16,0.000,0.8182,0.8457,TRUE,Conformity,Low
27,50065,LSC11379,2026-05-26 10:17:00,Treated,0,FALSE,310.0,37.000,30.70,244.91,25.02,-2.000,0.3270,0.3333,TRUE,Conformity,Low
28,50065,LSC11391,2026-05-26 10:07:00,Treated,1,FALSE,323.0,38.000,30.63,255.59,35.70,-1.000,0.3932,0.3950,TRUE,Low,Low
29,50045,LSC11391,2026-05-26 10:07:00,Treated,1,FALSE,372.0,29.000,25.36,330.56,8.21,0.000,0.9070,0.9271,TRUE,Low,Low
30,50045,Kamonyi. EP Nyakabuye. Beside P6A classroom. Rain water tank,2026-05-26 10:54:00,Source (untreated),0,FALSE,431.0,29.000,25.97,377.93,55.58,0.000,1.2187,1.2571,FALSE,Conformity,Intermediate
31,50065,Kamonyi. EP Nyakabuye. Beside P6A classroom. Rain water tank,2026-05-26 10:44:00,Source (untreated),33,FALSE,406.0,38.000,30.97,318.86,98.97,-1.000,0.8256,0.8130,TRUE,Intermediate,Low
32,50045,Kamonyi. EP Nyakabuye. Beside P6A classroom. Rain water tank,2026-05-26 10:44:00,Source (untreated),33,FALSE,401.0,33.000,26.03,351.15,28.81,4.000,1.0645,1.0504,TRUE,Intermediate,Intermediate
33,50065,Kamonyi. EP Nyakabuye. Beside P6A classroom. Rain water tank,2026-05-26 10:46:00,Source (untreated),33,FALSE,443.0,38.000,30.81,349.16,129.26,-1.000,1.0147,1.0028,TRUE,Intermediate,Low
34,50045,Kamonyi. EP Nyakabuye. Beside P6A classroom. Rain water tank,2026-05-26 10:46:00,Source (untreated),33,FALSE,401.0,33.000,26.03,351.15,28.81,4.000,1.0645,1.0504,TRUE,Intermediate,Intermediate
35,50065,LSC15380,2026-05-26 10:33:00,Treated,100,TRUE,367.0,37.000,30.80,289.37,69.48,-2.000,0.6222,0.5939,FALSE,Very high,Low
36,50045,LSC15380,2026-05-26 10:33:00,Treated,100,TRUE,371.0,29.000,25.79,326.58,4.23,0.000,0.9069,0.8604,FALSE,Very high,Low
37,50065,LSC11525,2026-05-27 08:36:00,Treated,0,FALSE,327.0,38.000,33.45,243.20,23.31,-1.000,0.4474,0.4523,TRUE,Conformity,Low
38,50065,LSC11517,2026-05-27 08:45:00,Treated,0,FALSE,364.0,38.000,33.23,271.99,52.10,-1.000,0.6358,0.6431,TRUE,Conformity,Low
39,50045,LSC11517,2026-05-27 08:45:00,Treated,0,FALSE,358.0,29.000,28.16,299.12,-23.23,0.000,0.8680,0.8955,TRUE,Conformity,Low
40,50065,LSC15487,2026-05-27 08:53:00,Treated,0,FALSE,343.0,38.000,31.70,265.09,45.20,-1.000,0.5092,0.5162,TRUE,Conformity,Low
41,50065,LSC15484,2026-05-27 09:03:00,Treated,0,FALSE,371.0,38.000,31.13,290.37,70.48,-1.000,0.6468,0.6568,TRUE,Conformity,Low
42,50045,LSC15484,2026-05-27 09:03:00,Treated,0,FALSE,349.0,29.000,27.09,298.55,-23.80,0.000,0.8088,0.8348,TRUE,Conformity,Low
43,50065,LSC11558,2026-05-27 09:30:00,Treated,0,FALSE,329.0,36.000,29.16,268.92,49.03,-3.000,0.4066,0.4170,TRUE,Conformity,Low
44,50045,LSC11558,2026-05-27 09:30:00,Treated,0,FALSE,387.0,29.000,24.73,348.71,26.36,0.000,0.9769,1.0093,FALSE,Conformity,Low
45,50065,Kamonyi. EP Nyakabungo. Near new kitchen. Spring water tap,2026-05-27 09:39:00,Source (untreated),0,FALSE,340.0,37.000,29.69,274.65,54.76,-2.000,0.4698,0.4800,TRUE,Conformity,Low
46,50045,Kamonyi. EP Nyakabungo. Near new kitchen. Spring water tap,2026-05-27 09:39:00,Source (untreated),0,FALSE,410.0,29.000,25.13,366.19,43.84,0.000,1.1003,1.1352,FALSE,Conformity,Intermediate
47,50065,Kamonyi. EP Nyakabungo. Behind P3A classroom. Rain water tank,2026-05-27 09:54:00,Source (untreated),0,FALSE,345.0,38.000,30.86,271.66,51.77,-1.000,0.5094,0.5178,TRUE,Conformity,Low
48,50045,Kamonyi. EP Nyakabungo. Behind P3A classroom. Rain water tank,2026-05-27 09:54:00,Source (untreated),0,FALSE,353.0,29.000,28.12,295.21,-27.14,0.000,0.8417,0.8686,TRUE,Conformity,Low
49,50065,Fake.Kicukiro.Amazi Meza warehouse.Kagina. Spring water,2026-05-28 08:14:00,Source (untreated),0,FALSE,379.0,37.000,31.49,294.33,74.43,-2.000,0.6924,0.7028,TRUE,Conformity,Low
50,50045,Fake.Kicukiro.Amazi Meza warehouse.Kagina. Spring water,2026-05-28 08:14:00,Source (untreated),0,FALSE,409.0,29.000,28.37,340.16,17.82,0.000,1.1337,1.1704,FALSE,Conformity,Intermediate
51,50065,Fake.Kicukiro.Amazi Meza warehouse.Rugando.Stream water,2026-05-28 08:33:00,Source (untreated),48,FALSE,356.0,37.000,29.60,288.18,68.29,-2.000,0.5512,0.5266,FALSE,Intermediate,Low
52,50045,Fake.Kicukiro.Amazi Meza warehouse.Rugando.Stream water,2026-05-28 08:33:00,Source (untreated),48,FALSE,401.0,30.000,27.00,343.70,21.35,1.000,1.0761,1.0574,TRUE,Intermediate,Intermediate
53,50065,Fake.Kicukiro. Amazi Meza warehouse.Kanengwa. Spring water,2026-05-28 09:03:00,Source (untreated),0,FALSE,338.0,36.000,31.65,261.56,41.66,-3.000,0.4827,0.4896,TRUE,Conformity,Low
54,50065,Fake.Kicukiro.Amazi Meza warehouse.Iriba.Spring water,2026-05-28 09:11:00,Source (untreated),5,FALSE,336.0,36.000,31.89,258.60,38.71,-3.000,0.4753,0.4714,TRUE,Low,Low
55,50045,Fake.Kicukiro.Amazi Meza warehouse.Iriba.Spring water,2026-05-28 09:11:00,Source (untreated),5,FALSE,409.0,29.000,26.57,353.96,31.61,0.000,1.1122,1.1233,TRUE,Low,Intermediate
56,50045,Fake.Kicukiro.Amazi Meza warehouse.Inindi House.Rainwater tank,2026-05-28 09:52:00,Source (untreated),0,FALSE,397.0,31.000,26.84,341.50,19.15,2.000,1.0535,1.0848,FALSE,Conformity,Intermediate
57,50065,Fake.Kicukiro.Amazi Meza warehouse.Nyirakanamba I.Water Stream,2026-05-29 08:43:00,Source (untreated),100,TRUE,383.0,39.000,34.06,281.05,61.16,0.000,0.7436,0.7222,FALSE,Very high,Low
58,50045,Fake.Kicukiro.Amazi Meza warehouse.Nyirakanamba I.Water Stream,2026-05-29 08:43:00,Source (untreated),100,TRUE,469.0,31.000,29.19,383.12,60.78,2.000,1.4531,1.4103,TRUE,Very high,Intermediate
59,50065,Fake.Kicukiro.Amazi Meza wahehouse.Nyirakanamba II. Water pipe,2026-05-29 08:54:00,Source (untreated),100,TRUE,632.0,49.000,33.48,469.70,249.80,10.000,2.0043,1.9737,TRUE,Very high,Intermediate
60,50065,Fake.Kicukiro.Amazi Meza wahehouse.Nyirakanamba II. Water pipe,2026-05-29 09:01:00,Source (untreated),100,TRUE,662.0,46.000,32.80,499.38,279.49,7.000,2.0043,2.0043,TRUE,Very high,Very high
61,50045,Fake.Kicukiro.Amazi Meza wahehouse.Nyirakanamba II. Water pipe,2026-05-29 09:01:00,Source (untreated),100,TRUE,543.0,38.000,27.24,462.99,140.64,9.000,1.8118,1.7772,TRUE,Very high,Intermediate
62,50065,Fake.Kicukiro.Amazi Meza warehouse.Kabeza.Stream Water,2026-05-29 09:28:00,Source (untreated),100,TRUE,515.0,49.000,30.07,412.64,192.75,10.000,1.3773,1.3400,TRUE,Very high,Intermediate
63,50045,Fake.Kicukiro.Amazi Meza warehouse.Kabeza.Stream Water,2026-05-29 09:28:00,Source (untreated),100,TRUE,473.0,40.000,27.10,404.52,82.17,11.000,1.4489,1.4137,TRUE,Very high,Intermediate
64,50065,Fake.Kicukiro.Amazi Meza warehouse.Kabeza.Stream Water,2026-05-29 09:36:00,Source (untreated),100,TRUE,498.0,45.000,32.07,381.78,161.89,6.000,1.3135,1.2801,TRUE,Very high,Intermediate
65,50045,Fake.Kicukiro.Amazi Meza warehouse.Kabeza.Stream Water,2026-05-29 09:36:00,Source (untreated),100,TRUE,459.0,38.000,27.02,393.24,70.89,9.000,1.3757,1.3404,TRUE,Very high,Intermediate
66,50065,Fake.Kicukiro.Amazi Meza warehouse.Sahara.Stream water,2026-05-29 09:48:00,Source (untreated),100,TRUE,642.0,54.000,32.25,490.21,270.32,15.000,2.0043,2.0043,TRUE,Very high,Very high
67,50045,Fake.Kicukiro.Amazi Meza warehouse.Sahara.Stream water,2026-05-29 09:48:00,Source (untreated),100,TRUE,512.0,46.000,27.02,438.70,116.35,17.000,1.6491,1.6131,TRUE,Very high,Intermediate
68,50065,Fake.Kicukiro.Amazi Meza warehouse.Rugando.Stream water,2026-05-29 10:20:00,Source (untreated),100,TRUE,411.0,39.000,28.49,340.96,121.07,0.000,0.8218,0.7799,FALSE,Very high,Low
69,50045,Fake.Kicukiro.Amazi Meza warehouse.Rugando.Stream water,2026-05-29 10:20:00,Source (untreated),100,TRUE,410.0,33.000,26.45,355.71,33.36,4.000,1.1160,1.0772,FALSE,Very high,Intermediate
70,50065,Fake.Kicukiro.Amazi Meza warehouse.Rugando.Stream water,2026-05-29 10:27:00,Source (untreated),100,TRUE,382.0,38.000,30.96,300.13,80.24,-1.000,0.7015,0.6746,FALSE,Very high,Low
71,50045,Fake.Kicukiro.Amazi Meza warehouse.Rugando.Stream water,2026-05-29 10:27:00,Source (untreated),100,TRUE,406.0,32.000,26.32,353.23,30.89,3.000,1.0938,1.0544,FALSE,Very high,Intermediate
72,50065,Fake.Kicukiro.Amazi Meza wahehouse.Nyirakanamba II. Water pipe,2026-05-30 12:05:00,Source (untreated),100,TRUE,728.0,53.000,33.32,543.02,323.13,14.000,2.0043,2.0043,TRUE,Very high,Very high
73,50045,Fake.Kicukiro.Amazi Meza wahehouse.Nyirakanamba II. Water pipe,2026-05-30 12:05:00,Source (untreated),100,TRUE,558.0,48.000,29.10,456.66,134.31,19.000,1.9113,1.8739,TRUE,Very high,Intermediate
74,50065,Fake.Kicukiro.Amazi Meza warehouse.Nyirakanamba I.Water Stream,2026-05-30 12:21:00,Source (untreated),100,TRUE,396.0,39.000,30.75,312.53,92.64,0.000,0.7714,0.7437,FALSE,Very high,Low
75,50045,Fake.Kicukiro.Amazi Meza warehouse.Nyirakanamba I.Water Stream,2026-05-30 12:21:00,Source (untreated),100,TRUE,415.0,35.000,30.60,328.65,6.30,6.000,1.1911,1.1443,TRUE,Very high,Intermediate
76,50065,Fake.Kicukiro.Amazi Meza warehouse.Nyirakanamba I.Water Stream,2026-05-30 12:28:00,Source (untreated),100,TRUE,416.0,39.000,33.32,310.30,90.41,0.000,0.9051,0.8800,FALSE,Very high,Low
77,50045,Fake.Kicukiro.Amazi Meza warehouse.Nyirakanamba I.Water Stream,2026-05-30 12:28:00,Source (untreated),100,TRUE,405.0,35.000,29.16,331.01,8.66,6.000,1.1225,1.0803,FALSE,Very high,Intermediate
78,50045,Fake.Kicukiro.Amazi Meza warehouse.Kabeza.Stream Water,2026-05-30 13:04:00,Source (untreated),100,TRUE,497.0,42.000,27.97,417.01,94.66,13.000,1.5830,1.5474,TRUE,Very high,Intermediate
79,50065,Fake.Kicukiro.Amazi Meza warehouse.Sahara.Stream water,2026-05-30 13:26:00,Source (untreated),100,TRUE,748.0,53.000,29.49,606.95,387.06,14.000,2.0043,2.0043,TRUE,Very high,Very high
80,50045,Fake.Kicukiro.Amazi Meza warehouse.Sahara.Stream water,2026-05-30 13:26:00,Source (untreated),100,TRUE,538.0,47.000,27.06,460.51,138.16,18.000,1.7838,1.7488,TRUE,Very high,Intermediate
81,50065,Fake.Kicukiro.Amazi Meza warehouse.Sahara.Stream water,2026-05-30 13:33:00,Source (untreated),100,TRUE,412.0,39.000,33.25,307.74,87.85,0.000,0.8837,0.8592,FALSE,Very high,Low
82,50065,,2026-06-01 07:57:00,Source (untreated),0,FALSE,355.0,37.000,38.50,236.24,16.35,-2.000,0.6520,0.6686,TRUE,Conformity,Low
83,50065,,2026-06-01 08:04:00,Source (untreated),100,TRUE,358.0,38.000,39.64,232.31,12.42,-1.000,0.6811,0.6272,FALSE,Very high,Low
84,50065,,2026-06-01 08:18:00,Source (untreated),14,FALSE,316.0,37.000,37.16,216.59,-3.30,-2.000,0.4347,0.4233,TRUE,Intermediate,Low
85,50065,,2026-06-01 08:26:00,Source (untreated),0,FALSE,305.0,37.000,39.96,196.52,-23.37,-2.000,0.4114,0.4235,TRUE,Conformity,Low
86,50065,,2026-06-01 08:42:00,Source (untreated),3,FALSE,324.0,39.000,37.31,221.35,1.46,0.000,0.4778,0.4762,TRUE,Low,Low
87,50065,,2026-06-01 08:44:00,Source (untreated),0,FALSE,337.0,39.000,37.31,230.23,10.34,0.000,0.5449,0.5538,TRUE,Conformity,Low
88,50065,,2026-06-02 10:35:00,Source (untreated),100,TRUE,506.0,48.000,41.72,313.68,93.79,9.000,1.4696,1.3829,TRUE,Very high,Intermediate
89,50053,,2026-06-03 10:25:00,Source (untreated),100,TRUE,473.0,108.000,37.73,320.17,-117.05,75.000,-0.2455,-1.6195,FALSE,Very high,Conformity
90,50065,,2026-06-04 08:45:00,Treated,0,FALSE,258.0,39.000,37.82,174.27,-45.62,0.000,0.1433,0.1460,TRUE,Conformity,Conformity
91,50053,,2026-06-04 08:45:00,Treated,0,FALSE,481.0,32.000,34.57,349.03,-88.18,-1.000,-0.2412,-0.2488,TRUE,Conformity,Conformity
92,50065,,2026-06-04 09:02:00,Treated,0,FALSE,253.0,40.000,38.86,167.03,-52.86,1.000,0.1298,0.1328,TRUE,Conformity,Conformity
93,50053,,2026-06-04 09:02:00,Treated,0,FALSE,458.0,32.000,35.67,324.39,-112.83,-1.000,-0.3468,-0.3594,TRUE,Conformity,Conformity
94,50065,Turkana.Loima.Turkwel.Lorgum.100m near church.Concrete fixed public stand Tap 2,2026-06-02 07:48:00,Treated,0,FALSE,309.0,40.000,32.95,232.35,12.46,1.000,0.3485,0.3531,TRUE,Conformity,Low
95,50065,Turkana.Loima.Turkwel.Lorgum.100m near church.Concrete fixed public stand Tap 2,2026-06-02 08:00:00,Treated,0,FALSE,326.0,39.000,38.33,217.76,-2.13,0.000,0.5003,0.5103,TRUE,Conformity,Low
96,50065,Turkana.Loima.Turkwel.Lorgum.Aqutab inline chlorine unit,2026-06-02 08:18:00,Treated,0,FALSE,262.0,44.000,36.04,184.04,-35.85,5.000,0.1427,0.1454,TRUE,Conformity,Conformity
97,50065,,2026-06-02 08:43:00,Treated,0,FALSE,314.0,40.000,38.13,210.66,-9.23,1.000,0.4360,0.4440,TRUE,Conformity,Low
98,50065,Turkana.Loima.Turkwel.Lorgum.East of treatement.Concrete fixed Public Stand Tap 4,2026-06-02 09:04:00,Treated,0,FALSE,305.0,40.000,37.01,209.75,-10.14,1.000,0.3761,0.3816,TRUE,Conformity,Low
99,50065,Turkana.Loima.Turkwel.Lorgum.Nearest to 32m3 steel tank.Concrete fixed Public Stand Tap 1,2026-06-02 09:16:00,Treated,0,FALSE,298.0,40.000,37.35,203.39,-16.50,1.000,0.3441,0.3495,TRUE,Conformity,Low
100,50065,Turkana.Loima.Turkwel.Lorgum.Behind grass roof house.Concrete fixed Public Stand Tap 3,2026-06-02 10:16:00,Treated,0,FALSE,312.0,41.000,39.32,203.89,-16.00,2.000,0.4398,0.4504,TRUE,Conformity,Low
101,50065,Turkana.Loima.Turkwel.Lorgum.100m near church.Concrete fixed public stand Tap 2,2026-06-02 10:28:00,Treated,0,FALSE,324.0,40.000,38.58,215.23,-4.66,1.000,0.4929,0.5032,TRUE,Conformity,Low
102,50065,Turkana.Loima.Turkwel.Lorgum.100m near church.Concrete fixed public stand Tap 2,2026-06-02 10:30:00,Treated,0,FALSE,304.0,40.000,38.58,201.94,-17.95,1.000,0.3897,0.3976,TRUE,Conformity,Low
103,50065,Turkana.Turkana West.Kakuma.Nakoyo.100m from the Tank.Public Stand Tap 2,2026-06-03 08:43:00,Treated,0,FALSE,316.0,40.000,40.99,199.07,-20.82,1.000,0.4803,0.4976,TRUE,Conformity,Low
104,50065,Turkana.Turkana West.Kakuma.Nakoyo.100m from the Tank.Public Stand Tap 2,2026-06-03 08:46:00,Treated,0,FALSE,336.0,39.000,42.62,204.22,-15.67,0.000,0.6029,0.6358,TRUE,Conformity,Low
105,50053,Turkana.Turkana West.Kakuma.Nakoyo.100m from the Tank.Public Stand Tap 2,2026-06-03 08:46:00,Treated,0,FALSE,715.0,29.000,35.87,504.18,66.96,-4.000,0.9821,1.0789,FALSE,Conformity,Intermediate
106,50053,Turkana.Turkana West.Kakuma.Nakoyo.500m East.Public Stand Tap 3,2026-06-03 09:11:00,Treated,0,FALSE,426.0,30.000,38.22,285.24,-151.98,-3.000,-0.4815,-0.5070,TRUE,Conformity,Conformity
107,50053,Turkana.Turkana West.Kakuma.Nakoyo.500m East.Public Stand Tap 3,2026-06-03 09:14:00,Treated,0,FALSE,426.0,30.000,38.22,285.24,-151.98,-3.000,-0.4815,-0.5070,TRUE,Conformity,Conformity
108,50065,Turkana.Turkana West. Kakuma.Nakoyo.Adjacent to 5m3 PVC tank.Public Tap Stand 4,2026-06-03 09:31:00,Treated,0,FALSE,279.0,41.000,37.79,188.58,-31.31,2.000,0.2513,0.2558,TRUE,Conformity,Conformity
109,50053,Turkana.Turkana West. Kakuma.Nakoyo.Adjacent to 5m3 PVC tank.Public Tap Stand 4,2026-06-03 09:31:00,Treated,0,FALSE,440.0,29.000,37.27,300.86,-136.35,-4.000,-0.4206,-0.4404,TRUE,Conformity,Conformity
110,50065,Turkana.Turkana West. Kakuma.Nakoyo.Adjacent to 5m3 PVC tank.Public Tap Stand 4,2026-06-03 09:33:00,Treated,0,FALSE,279.0,41.000,37.79,188.58,-31.31,2.000,0.2513,0.2558,TRUE,Conformity,Conformity
111,50053,Turkana.Turkana West. Kakuma.Nakoyo.Adjacent to 5m3 PVC tank.Public Tap Stand 4,2026-06-03 09:33:00,Treated,0,FALSE,440.0,29.000,37.27,300.86,-136.35,-4.000,-0.4206,-0.4404,TRUE,Conformity,Conformity
112,50053,Turkana.Turkana West.Kakuma.Nakoyo.Public Stand Tap 6,2026-06-03 09:58:00,Treated,0,FALSE,713.0,107.000,35.49,506.99,69.78,74.000,0.9666,1.2862,FALSE,Conformity,Intermediate
113,50065,Turkana.Turkana South. Lokichar. Kimabur.Kimabur school.Public Stand Tap 1,2026-06-04 08:11:00,Treated,0,FALSE,294.0,39.000,37.60,199.54,-20.35,0.000,0.3265,0.3319,TRUE,Conformity,Low
114,50053,Turkana.Turkana South. Lokichar. Kimabur.Kimabur school.Public Stand Tap 1,2026-06-04 08:11:00,Treated,0,FALSE,493.0,33.000,34.58,357.60,-79.61,0.000,-0.1790,-0.1845,TRUE,Conformity,Conformity
115,50065,Turkana.Turkana South.Lokichar.Kimabur.Concrete fixed Public Stand Tap 3,2026-06-04 08:27:00,Treated,0,FALSE,270.0,39.000,36.73,186.80,-33.09,0.000,0.1922,0.1952,TRUE,Conformity,Conformity
116,50053,Turkana.Turkana South.Lokichar.Kimabur.Concrete fixed Public Stand Tap 3,2026-06-04 08:27:00,Treated,0,FALSE,501.0,32.000,33.82,369.54,-67.68,-1.000,-0.1468,-0.1511,TRUE,Conformity,Conformity
117,50065,Turkana.Turkana South. Lokichar. Kimabur.Kimabur school.Public Stand Tap 1,2026-06-04 08:13:00,Treated,0,FALSE,296.0,39.000,38.16,198.46,-21.44,0.000,0.3434,0.3498,TRUE,Conformity,Low
118,50053,Turkana.Turkana South. Lokichar. Kimabur.Kimabur school.Public Stand Tap 1,2026-06-04 08:13:00,Treated,0,FALSE,493.0,33.000,34.58,357.60,-79.61,0.000,-0.1790,-0.1845,TRUE,Conformity,Conformity
119,50065,Turkana.Turkana South.Lokichar.Kimabur.Concrete fixed Public Stand Tap 3,2026-06-04 08:29:00,Treated,0,FALSE,270.0,39.000,36.73,186.80,-33.09,0.000,0.1922,0.1952,TRUE,Conformity,Conformity
120,50053,Turkana.Turkana South.Lokichar.Kimabur.Concrete fixed Public Stand Tap 3,2026-06-04 08:29:00,Treated,0,FALSE,501.0,32.000,34.05,367.72,-69.50,-1.000,-0.1441,-0.1484,TRUE,Conformity,Conformity
121,50065,Turkana.Turkana South.Lokichar.Kimabur.Concrete fixed Public Stand Tap 3,2026-06-04 08:33:00,Treated,0,FALSE,277.0,38.000,38.38,184.81,-35.08,-1.000,0.2480,0.2530,TRUE,Conformity,Conformity
122,50053,Turkana.Turkana South.Lokichar.Kimabur.Concrete fixed Public Stand Tap 3,2026-06-04 08:33:00,Treated,0,FALSE,753.0,31.000,34.05,552.68,115.47,-2.000,1.1565,1.2675,FALSE,Conformity,Intermediate
123,50053,Isiolo.Isiolo.Ngaremara.Kona (Ngalabilabia).KonaBorehole,2026-06-09 06:54:00,Source (untreated),0,FALSE,439.0,40.000,29.39,356.99,-80.23,7.000,-0.5196,-0.5481,TRUE,Conformity,Conformity
124,50065,Isiolo.Isiolo.Ngaremara.Kona (Ngalabilabia).KonaBorehole,2026-06-09 06:56:00,Source (untreated),0,FALSE,285.0,41.000,31.56,220.98,1.09,2.000,0.2080,0.2125,TRUE,Conformity,Conformity
125,50053,Isiolo.Isiolo.Ngaremara.Kona (Ngalabilabia).KonaBorehole,2026-06-09 06:56:00,Source (untreated),0,FALSE,439.0,40.000,29.39,356.99,-80.23,7.000,-0.5196,-0.5481,TRUE,Conformity,Conformity
126,50065,Isiolo.Isiolo.Ngaremara.Kona (Ngalabilabia).KonaBorehole,2026-06-09 06:59:00,Source (untreated),0,FALSE,308.0,41.000,33.82,227.20,7.30,2.000,0.3537,0.3581,TRUE,Conformity,Low
127,50053,Isiolo.Isiolo.Ngaremara.Kona (Ngalabilabia).KonaBorehole,2026-06-09 06:59:00,Source (untreated),0,FALSE,439.0,40.000,29.39,356.99,-80.23,7.000,-0.5196,-0.5481,TRUE,Conformity,Conformity
128,50065,Isiolo.Isiolo.Ngaremara.Kona (Ngalabilabia).KonaBorehole,2026-06-09 07:01:00,Source (untreated),0,FALSE,338.0,42.000,34.85,243.75,23.86,3.000,0.5208,0.5265,TRUE,Conformity,Low
129,50065,Isiolo.Isiolo.Ngaremara.Kona(Ngalabilabia).NearestToBorehole.KonaWaterKiosk,2026-06-09 07:20:00,Treated,1,FALSE,312.0,40.000,34.54,226.53,6.64,1.000,0.3829,0.3840,TRUE,Low,Low
130,50053,Isiolo.Isiolo.Ngaremara.Kona(Ngalabilabia).NearestToBorehole.KonaWaterKiosk,2026-06-09 07:20:00,Treated,1,FALSE,587.0,34.000,30.40,466.82,29.61,1.000,0.2564,0.2553,TRUE,Low,Conformity
131,50065,Isiolo.Isiolo.Ngaremara.Kona(Ngalabilabia).NearestToBorehole.KonaWaterKiosk,2026-06-09 07:23:00,Treated,2,FALSE,322.0,40.000,34.54,233.79,13.90,1.000,0.4345,0.4343,TRUE,Low,Low
132,50053,Isiolo.Isiolo.Ngaremara.Kona(Ngalabilabia).NearestToBorehole.KonaWaterKiosk,2026-06-09 07:23:00,Treated,2,FALSE,587.0,34.000,30.40,466.82,29.61,1.000,0.2564,0.2510,TRUE,Low,Conformity
133,50065,Isiolo.Isiolo.Ngaremara.Kona(Ngalabilabia).NearestToBorehole.KonaWaterKiosk,2026-06-09 07:26:00,Treated,2,FALSE,337.0,40.000,37.14,231.09,11.20,1.000,0.5429,0.5442,TRUE,Low,Low
134,50053,Isiolo.Isiolo.Ngaremara.Kona(Ngalabilabia).NearestToBorehole.KonaWaterKiosk,2026-06-09 07:26:00,Treated,2,FALSE,912.0,88.000,30.33,726.45,289.24,55.000,1.9324,2.1798,FALSE,Low,Very high
135,50053,Isiolo.Isiolo.Ngaremara.Kona(Ngalabilabia).NextToSignPost.ArmartiJuuWaterKiosk,2026-06-09 07:48:00,Treated,14,FALSE,918.0,83.000,30.02,736.32,299.10,50.000,1.9597,2.0807,TRUE,Intermediate,Very high
136,50065,Isiolo.Isiolo.Ngaremara.Kona(Ngalabilabia).NextToSignPost.ArmartiJuuWaterKiosk,2026-06-09 07:51:00,Treated,5,FALSE,271.0,40.000,33.69,200.47,-19.42,1.000,0.1612,0.1511,TRUE,Low,Conformity
137,50053,Isiolo.Isiolo.Ngaremara.Kona(Ngalabilabia).NextToSignPost.ArmartiJuuWaterKiosk,2026-06-09 07:51:00,Treated,5,FALSE,610.0,34.000,29.89,490.60,53.39,1.000,0.3690,0.3582,TRUE,Low,Low
138,50065,Isiolo.Isiolo.Ngaremara.Kona(Ngalabilabia).NextToSignPost.ArmartiJuuWaterKiosk,2026-06-09 07:53:00,Treated,5,FALSE,277.0,40.000,35.28,197.86,-22.03,1.000,0.2111,0.2032,TRUE,Low,Conformity
139,50053,Isiolo.Isiolo.Ngaremara.Kona(Ngalabilabia).NextToSignPost.ArmartiJuuWaterKiosk,2026-06-09 07:53:00,Treated,5,FALSE,610.0,34.000,29.89,490.60,53.39,1.000,0.3690,0.3582,TRUE,Low,Low
140,50065,Isiolo.Isiolo.Ngaremara.Near50m3ElevatedSteelTank.ZebraCenterWaterKiosk,2026-06-09 08:28:00,Treated,0,FALSE,285.0,40.000,33.58,211.33,-8.56,1.000,0.2322,0.2356,TRUE,Conformity,Conformity
141,50053,Isiolo.Isiolo.Ngaremara.Near50m3ElevatedSteelTank.ZebraCenterWaterKiosk,2026-06-09 08:28:00,Treated,0,FALSE,596.0,33.000,29.58,482.70,45.49,0.000,0.2929,0.3009,TRUE,Conformity,Conformity
142,50065,Isiolo.Isiolo.Ngaremara.Near50m3ElevatedSteelTank.ZebraCenterWaterKiosk,2026-06-09 08:30:00,Treated,0,FALSE,281.0,40.000,33.58,208.36,-11.53,1.000,0.2115,0.2147,TRUE,Conformity,Conformity
143,50053,Isiolo.Isiolo.Ngaremara.Near50m3ElevatedSteelTank.ZebraCenterWaterKiosk,2026-06-09 08:30:00,Treated,0,FALSE,596.0,33.000,29.58,482.70,45.49,0.000,0.2929,0.3009,TRUE,Conformity,Conformity
144,50065,Isiolo.Isiolo.Ngaremara.Near50m3ElevatedSteelTank.ZebraCenterWaterKiosk,2026-06-09 08:33:00,Treated,0,FALSE,283.0,40.000,35.39,201.68,-18.21,1.000,0.2433,0.2466,TRUE,Conformity,Conformity
145,50053,Isiolo.Isiolo.Ngaremara.Near50m3ElevatedSteelTank.ZebraCenterWaterKiosk,2026-06-09 08:33:00,Treated,0,FALSE,576.0,33.000,30.26,459.55,22.33,0.000,0.1978,0.2028,TRUE,Conformity,Conformity
146,50065,,2026-06-09 08:45:00,Treated,1,FALSE,264.0,40.000,39.76,170.88,-49.01,1.000,0.1973,0.1947,TRUE,Low,Conformity
147,50053,,2026-06-09 08:45:00,Treated,1,FALSE,561.0,33.000,31.59,434.63,-2.59,0.000,0.1363,0.1324,TRUE,Low,Conformity
148,50065,,2026-06-09 08:48:00,Treated,0,FALSE,264.0,40.000,39.76,170.88,-49.01,1.000,0.1973,0.2026,TRUE,Conformity,Conformity
149,50053,,2026-06-09 08:48:00,Treated,0,FALSE,561.0,33.000,31.59,434.63,-2.59,0.000,0.1363,0.1395,TRUE,Conformity,Conformity
150,50053,,2026-06-10 07:26:00,Source (untreated),0,FALSE,671.0,33.000,25.85,589.97,152.76,0.000,0.6356,0.6656,TRUE,Conformity,Low
151,50065,,2026-06-10 07:30:00,Source (untreated),0,FALSE,313.0,40.000,29.10,256.18,36.29,1.000,0.3233,0.3329,TRUE,Conformity,Low
152,50053,,2026-06-10 07:30:00,Source (untreated),0,FALSE,671.0,33.000,25.85,589.97,152.76,0.000,0.6356,0.6656,TRUE,Conformity,Low
153,50065,Isiolo.Isiolo.Ngaremara.Nasuroi.NearestToFarm.WaterKiosk2,2026-06-10 07:53:00,Source (untreated),14,FALSE,341.0,40.000,32.36,259.76,39.86,1.000,0.5066,0.4984,TRUE,Intermediate,Low
154,50053,Isiolo.Isiolo.Ngaremara.Nasuroi.NearestToFarm.WaterKiosk2,2026-06-10 07:53:00,Source (untreated),14,FALSE,627.0,33.000,29.63,507.25,70.03,0.000,0.4535,0.4318,TRUE,Intermediate,Low
155,50065,Isiolo.Isiolo.Ngaremara.Nasuroi.NearestToFarm.WaterKiosk2,2026-06-10 07:57:00,Source (untreated),48,FALSE,338.0,40.000,34.36,246.37,26.48,1.000,0.5150,0.5025,FALSE,Intermediate,Low
156,50053,Isiolo.Isiolo.Ngaremara.Nasuroi.NearestToFarm.WaterKiosk2,2026-06-10 07:57:00,Source (untreated),48,FALSE,649.0,33.000,28.49,538.40,101.18,0.000,0.5535,0.5134,FALSE,Intermediate,Low
157,50065,Isiolo.Isiolo.Ngaremara.Nasuroi.ClaraChlorinationSystem,2026-06-10 10:45:00,Treated,0,FALSE,290.0,40.000,30.96,227.82,7.93,1.000,0.2268,0.2319,TRUE,Conformity,Conformity
158,50053,Isiolo.Isiolo.Ngaremara.Nasuroi.ClaraChlorinationSystem,2026-06-10 10:45:00,Treated,0,FALSE,602.0,33.000,29.36,489.92,52.70,0.000,0.3213,0.3303,TRUE,Conformity,Low
159,50065,Isiolo.Isiolo.Ngaremara.Nasuroi.ClaraChlorinationSystem,2026-06-10 10:50:00,Treated,0,FALSE,315.0,41.000,36.33,219.89,0.00,2.000,0.4197,0.4251,TRUE,Conformity,Low
160,50053,Isiolo.Isiolo.Ngaremara.Nasuroi.ClaraChlorinationSystem,2026-06-10 10:50:00,Treated,0,FALSE,585.0,34.000,30.75,461.71,24.50,1.000,0.2501,0.2562,TRUE,Conformity,Conformity
161,50065,Isiolo.Isiolo.Ngaremara.Nasuroi.NasuroiBorehole,2026-06-10 11:10:00,Source (untreated),0,FALSE,328.0,39.000,39.32,214.37,-5.52,0.000,0.5224,0.5358,TRUE,Conformity,Low
162,50053,Isiolo.Isiolo.Ngaremara.Nasuroi.NasuroiBorehole,2026-06-10 11:10:00,Source (untreated),0,FALSE,585.0,34.000,31.54,453.77,16.55,1.000,0.2595,0.2658,TRUE,Conformity,Conformity
163,50065,Isiolo.Isiolo.Ngaremara.Nasuroi.NasuroiBorehole,2026-06-10 11:13:00,Source (untreated),0,FALSE,335.0,40.000,39.38,218.65,-1.24,1.000,0.5592,0.5739,TRUE,Conformity,Low
164,50053,Isiolo.Isiolo.Ngaremara.Nasuroi.NasuroiBorehole,2026-06-10 11:13:00,Source (untreated),0,FALSE,585.0,34.000,31.54,453.77,16.55,1.000,0.2595,0.2658,TRUE,Conformity,Conformity
165,50053,,2026-06-10 11:22:00,Treated,0,FALSE,567.0,33.000,31.54,439.81,2.59,0.000,0.1666,0.1706,TRUE,Conformity,Conformity
166,50065,,2026-06-10 11:25:00,Treated,0,FALSE,299.0,40.000,37.79,202.10,-17.79,1.000,0.3545,0.3606,TRUE,Conformity,Low
167,50053,,2026-06-10 11:25:00,Treated,0,FALSE,575.0,34.000,31.54,446.02,8.80,1.000,0.2079,0.2128,TRUE,Conformity,Conformity
168,50065,,2026-06-10 09:32:00,Source (untreated),1,FALSE,319.0,40.000,30.35,254.02,34.12,1.000,0.3691,0.3706,TRUE,Low,Low
169,50053,,2026-06-10 09:32:00,Source (untreated),1,FALSE,648.0,33.000,27.77,546.10,108.88,0.000,0.5398,0.5488,TRUE,Low,Low
170,50065,,2026-06-10 09:37:00,Source (untreated),0,FALSE,307.0,41.000,33.39,228.63,8.74,2.000,0.3434,0.3479,TRUE,Conformity,Low
171,50053,,2026-06-10 09:37:00,Source (untreated),0,FALSE,633.0,33.000,27.77,533.46,96.24,0.000,0.4624,0.4784,TRUE,Conformity,Low
172,50053,Isiolo.Garbatulla.Kulamawe 1 (police station).Borehole,2026-06-11 08:22:00,Source (untreated),0,FALSE,434.0,33.000,31.53,336.70,-100.52,0.000,-0.5199,-0.5406,TRUE,Conformity,Conformity
173,50065,Isiolo.Garbatulla.Kulamawe 1 (police station).Borehole,2026-06-11 08:29:00,Source (untreated),0,FALSE,307.0,38.000,37.35,209.53,-10.36,-1.000,0.3906,0.3968,TRUE,Conformity,Low
174,50053,Isiolo.Garbatulla.Kulamawe 1 (police station).Borehole,2026-06-11 08:29:00,Source (untreated),0,FALSE,423.0,35.000,31.91,325.47,-111.75,2.000,-0.5722,-0.5968,TRUE,Conformity,Conformity
175,50065,Isiolo.Garbatulla.Kulamawe 1 (police station).Borehole,2026-06-11 08:32:00,Source (untreated),0,FALSE,307.0,39.000,37.35,209.53,-10.36,0.000,0.3906,0.3967,TRUE,Conformity,Low
176,50053,Isiolo.Garbatulla.Kulamawe 1 (police station).Borehole,2026-06-11 08:32:00,Source (untreated),0,FALSE,423.0,35.000,31.91,325.47,-111.75,2.000,-0.5722,-0.5968,TRUE,Conformity,Conformity
177,50065,Isiolo.Garbatula.Kinna.Kulamawe1 (Police station).Near Old Livestock troughts.Stand tap 1,2026-06-11 09:14:00,Treated,0,FALSE,275.0,40.000,37.82,185.76,-34.13,1.000,0.2310,0.2352,TRUE,Conformity,Conformity
178,50065,Isiolo.Garbatula.Kinna.Kulamawe1 (Police station).Near Old Livestock troughts.Stand tap 1,2026-06-11 09:16:00,Treated,0,FALSE,274.0,40.000,37.78,185.24,-34.65,1.000,0.2254,0.2295,TRUE,Conformity,Conformity
179,50053,Isiolo.Garbatula.Kinna.Kulamawe1 (Police station).Near Old Livestock troughts.Stand tap 1,2026-06-11 09:16:00,Treated,0,FALSE,845.0,85.000,31.89,650.46,213.24,52.000,1.6051,1.8246,FALSE,Conformity,Intermediate
180,50065,Isiolo.Garbatula.Kinna.Kulamawe1 (Police station).Near Old Livestock troughts.Stand tap 1,2026-06-11 08:50:00,Source (untreated),2,FALSE,285.0,39.000,35.20,203.96,-15.93,0.000,0.2514,0.2486,TRUE,Low,Conformity
181,50053,Isiolo.Garbatula.Kinna.Kulamawe1 (Police station).Near Old Livestock troughts.Stand tap 1,2026-06-11 08:50:00,Source (untreated),2,FALSE,840.0,87.000,32.01,644.85,207.63,54.000,1.5808,1.7433,FALSE,Low,Intermediate
182,50065,Isiolo.Garbatula.Kinna.Kulamawe1 (Police station).Near Old Livestock troughts.Stand tap 1,2026-06-11 08:53:00,Source (untreated),1,FALSE,290.0,40.000,36.48,201.77,-18.12,1.000,0.2924,0.2924,TRUE,Low,Conformity
183,50053,Isiolo.Garbatula.Kinna.Kulamawe1 (Police station).Near Old Livestock troughts.Stand tap 1,2026-06-11 08:53:00,Source (untreated),1,FALSE,561.0,33.000,31.63,434.29,-2.93,0.000,0.1367,0.1328,TRUE,Low,Conformity
184,50065,Isiolo.Garbatula.Kinna.Kulamawe1 (Police station).Near Old Livestock troughts.Stand tap 1,2026-06-11 08:56:00,Source (untreated),2,FALSE,297.0,39.000,37.34,202.75,-17.14,0.000,0.3388,0.3369,TRUE,Low,Low
185,50053,Isiolo.Garbatula.Kinna.Kulamawe1 (Police station).Near Old Livestock troughts.Stand tap 1,2026-06-11 08:56:00,Source (untreated),2,FALSE,561.0,33.000,31.63,434.29,-2.93,0.000,0.1367,0.1286,TRUE,Low,Conformity
186,50065,Isiolo.Garbatula.Kinna.Kulamawe1 (Police station).Near Old Livestock troughts.Stand tap 1,2026-06-11 09:24:00,Treated,0,FALSE,269.0,40.000,38.07,180.72,-39.17,1.000,0.2030,0.2069,TRUE,Conformity,Conformity
187,50053,Isiolo.Garbatula.Kinna.Kulamawe1 (Police station).Near Old Livestock troughts.Stand tap 1,2026-06-11 09:24:00,Treated,0,FALSE,534.0,34.000,32.12,408.94,-28.28,1.000,0.0032,0.0031,TRUE,Conformity,Conformity
188,50065,Isiolo.Garbatula.Kinna.Kulamawe1 (Police station).Near Old Livestock troughts.Stand tap 1,2026-06-11 09:29:00,Treated,0,FALSE,270.0,40.000,38.55,179.47,-40.43,1.000,0.2139,0.2184,TRUE,Conformity,Conformity
189,50053,Isiolo.Garbatula.Kinna.Kulamawe1 (Police station).Near Old Livestock troughts.Stand tap 1,2026-06-11 09:29:00,Treated,0,FALSE,531.0,34.000,32.04,407.35,-29.87,1.000,-0.0132,-0.0137,TRUE,Conformity,Conformity
