observation_id,barcode,site_name,sample_date,water_type,cbt_ecoli_cfu,cbt_censored,sensor_mon2_raw,sensor_tof_raw,water_temp_c,mon2c_baseline_subtracted,mon2c_normalized,tof_normalized,predicted_log10_cfu_insample,predicted_log10_cfu_loocv,loocv_agreement,who_risk_true,who_risk_predicted
1,50065,LSC15529,2026-05-25 10:12:00,Treated,0,FALSE,291.0,40.000,34.28,291.00,-13.00,1.000,0.1302,0.1320,TRUE,Conformity,Conformity
2,50045,LSC15529,2026-05-25 10:12:00,Treated,0,FALSE,401.0,28.000,30.73,401.00,-83.00,-1.000,-0.2506,-0.2828,TRUE,Conformity,Conformity
3,50065,LSC11397,2026-05-25 10:26:00,Treated,0,FALSE,336.0,39.000,30.76,336.00,32.00,0.000,0.5234,0.5310,TRUE,Conformity,Low
4,50045,LSC11397,2026-05-25 10:26:00,Treated,0,FALSE,414.0,29.000,27.30,414.00,-70.00,0.000,-0.2532,-0.2773,TRUE,Conformity,Conformity
5,50065,LSC15371,2026-05-25 10:35:00,Treated,0,FALSE,333.0,38.000,30.23,333.00,29.00,-1.000,0.4642,0.4719,TRUE,Conformity,Low
6,50045,LSC15371,2026-05-25 10:35:00,Treated,0,FALSE,414.0,29.000,27.30,414.00,-70.00,0.000,-0.2532,-0.2773,TRUE,Conformity,Conformity
7,50065,LSC11400,2026-05-25 10:45:00,Treated,0,FALSE,333.0,38.000,30.23,333.00,29.00,-1.000,0.4642,0.4719,TRUE,Conformity,Low
8,50045,LSC11400,2026-05-25 10:45:00,Treated,0,FALSE,447.0,30.000,25.78,447.00,-37.00,1.000,0.0421,0.0440,TRUE,Conformity,Conformity
9,50065,LSC15206,2026-05-25 11:07:00,Treated,0,FALSE,330.0,38.000,28.67,330.00,26.00,-1.000,0.3626,0.3714,TRUE,Conformity,Low
10,50045,LSC15206,2026-05-25 11:07:00,Treated,0,FALSE,480.0,30.000,26.06,480.00,-4.00,1.000,0.4125,0.4257,TRUE,Conformity,Low
11,50065,LSC15206,2026-05-25 10:55:00,Treated,48,FALSE,333.0,38.000,29.85,333.00,29.00,-1.000,0.4484,0.4259,FALSE,Intermediate,Low
12,50045,LSC15206,2026-05-25 10:55:00,Treated,48,FALSE,417.0,30.000,26.04,417.00,-67.00,1.000,-0.2733,-0.4488,FALSE,Intermediate,Conformity
13,50065,Kamonyi. EP Rwishwima. Near nursery class2. Rain water tank,2026-05-25 11:16:00,Source (untreated),5,FALSE,330.0,38.000,28.61,330.00,26.00,-1.000,0.3600,0.3497,TRUE,Low,Low
14,50045,Kamonyi. EP Rwishwima. Near nursery class2. Rain water tank,2026-05-25 11:16:00,Source (untreated),5,FALSE,480.0,30.000,26.06,480.00,-4.00,1.000,0.4125,0.4009,TRUE,Low,Low
15,50065,Kamonyi. EP Rwishwima. In front of the kitchen. Rain water tank,2026-05-25 11:20:00,Source (untreated),5,FALSE,370.0,39.000,25.58,370.00,66.00,0.000,0.7142,0.7114,TRUE,Low,Low
16,50045,Kamonyi. EP Rwishwima. In front of the kitchen. Rain water tank,2026-05-25 11:20:00,Source (untreated),5,FALSE,532.0,32.000,26.19,532.00,48.00,3.000,0.9838,0.9907,TRUE,Low,Low
17,50065,Kamonyi. EP Rwishwima. Between nursery class1 and nursery class2. Spring water tap,2026-05-25 11:30:00,Source (untreated),0,FALSE,367.0,39.000,25.58,367.00,63.00,0.000,0.6781,0.7101,TRUE,Conformity,Low
18,50045,Kamonyi. EP Rwishwima. Between nursery class1 and nursery class2. Spring water tap,2026-05-25 11:30:00,Source (untreated),0,FALSE,541.0,32.000,25.57,541.00,57.00,3.000,1.0557,1.0924,FALSE,Conformity,Intermediate
19,50065,Kamonyi. EP Rwishwima. Between nursery class1 and nursery class2. Spring water tap,2026-05-25 11:33:00,Source (untreated),0,FALSE,354.0,38.000,26.12,354.00,50.00,-1.000,0.5441,0.5666,TRUE,Conformity,Low
20,50065,Kamonyi. EP Rwishwima. Near the toilets. Rain water tank,2026-05-25 11:42:00,Source (untreated),0,FALSE,354.0,38.000,26.12,354.00,50.00,-1.000,0.5441,0.5666,TRUE,Conformity,Low
21,50045,Kamonyi. EP Rwishwima. Near the toilets. Rain water tank,2026-05-25 11:42:00,Source (untreated),0,FALSE,484.0,30.000,25.47,484.00,0.00,1.000,0.4312,0.4448,TRUE,Conformity,Low
22,50065,Kamonyi. EP Rwishwima. Near the toilets. Rain water tank,2026-05-25 11:45:00,Source (untreated),0,FALSE,354.0,38.000,26.12,354.00,50.00,-1.000,0.5441,0.5666,TRUE,Conformity,Low
23,50045,Kamonyi. EP Rwishwima. Near the toilets. Rain water tank,2026-05-25 11:45:00,Source (untreated),0,FALSE,484.0,30.000,25.47,484.00,0.00,1.000,0.4312,0.4448,TRUE,Conformity,Low
24,50065,LSC15197,2026-05-26 09:43:00,Treated,3,FALSE,315.0,123.000,33.24,315.00,11.00,84.000,0.4068,0.3396,TRUE,Low,Low
25,50045,LSC15197,2026-05-26 09:43:00,Treated,3,FALSE,487.0,29.000,29.88,487.00,3.00,0.000,0.6490,0.6509,TRUE,Low,Low
26,50065,LSC11394,2026-05-26 09:51:00,Treated,0,FALSE,315.0,123.000,33.24,315.00,11.00,84.000,0.4068,0.5476,TRUE,Conformity,Low
27,50045,LSC11394,2026-05-26 09:51:00,Treated,0,FALSE,487.0,29.000,29.88,487.00,3.00,0.000,0.6490,0.6720,TRUE,Conformity,Low
28,50065,LSC15145,2026-05-26 10:00:00,Treated,0,FALSE,317.0,38.000,33.12,317.00,13.00,-1.000,0.3935,0.3976,TRUE,Conformity,Low
29,50045,LSC15145,2026-05-26 10:00:00,Treated,0,FALSE,461.0,29.000,25.71,461.00,-23.00,0.000,0.1907,0.1987,TRUE,Conformity,Conformity
30,50065,LSC11379,2026-05-26 10:17:00,Treated,0,FALSE,310.0,37.000,30.70,310.00,6.00,-2.000,0.2072,0.2108,TRUE,Conformity,Conformity
31,50045,LSC11379,2026-05-26 10:17:00,Treated,0,FALSE,490.0,29.000,25.36,490.00,6.00,0.000,0.4915,0.5062,TRUE,Conformity,Low
32,50065,LSC11391,2026-05-26 10:07:00,Treated,1,FALSE,310.0,37.000,30.70,310.00,6.00,-2.000,0.2072,0.2055,TRUE,Low,Conformity
33,50045,LSC11391,2026-05-26 10:07:00,Treated,1,FALSE,461.0,29.000,25.71,461.00,-23.00,0.000,0.1907,0.1859,TRUE,Low,Conformity
34,50065,Kamonyi. EP Nyakabuye. Beside P6A classroom. Rain water tank,2026-05-26 10:52:00,Source (untreated),0,FALSE,382.0,39.000,31.02,382.00,78.00,0.000,1.0875,1.1210,FALSE,Conformity,Intermediate
35,50045,Kamonyi. EP Nyakabuye. Beside P6A classroom. Rain water tank,2026-05-26 10:52:00,Source (untreated),0,FALSE,537.0,33.000,26.03,537.00,53.00,4.000,1.0320,1.0653,FALSE,Conformity,Intermediate
36,50065,Kamonyi. EP Nyakabuye. Beside P6A classroom. Rain water tank,2026-05-26 10:54:00,Source (untreated),0,FALSE,422.0,38.000,30.49,422.00,118.00,-1.000,1.5462,1.6533,FALSE,Conformity,Intermediate
37,50045,Kamonyi. EP Nyakabuye. Beside P6A classroom. Rain water tank,2026-05-26 10:54:00,Source (untreated),0,FALSE,583.0,29.000,25.97,583.00,99.00,0.000,1.5281,1.6372,FALSE,Conformity,Intermediate
38,50065,Kamonyi. EP Nyakabuye. Beside P6A classroom. Rain water tank,2026-05-26 10:44:00,Source (untreated),33,FALSE,368.0,38.000,30.80,368.00,64.00,-1.000,0.9094,0.8945,TRUE,Intermediate,Low
39,50045,Kamonyi. EP Nyakabuye. Beside P6A classroom. Rain water tank,2026-05-26 10:44:00,Source (untreated),33,FALSE,537.0,33.000,26.03,537.00,53.00,4.000,1.0320,1.0158,TRUE,Intermediate,Low
40,50065,Kamonyi. EP Nyakabuye. Beside P6A classroom. Rain water tank,2026-05-26 10:46:00,Source (untreated),33,FALSE,382.0,39.000,31.02,382.00,78.00,0.000,1.0875,1.0735,TRUE,Intermediate,Intermediate
41,50045,Kamonyi. EP Nyakabuye. Beside P6A classroom. Rain water tank,2026-05-26 10:46:00,Source (untreated),33,FALSE,537.0,33.000,26.03,537.00,53.00,4.000,1.0320,1.0158,TRUE,Intermediate,Low
42,50065,LSC15380,2026-05-26 10:33:00,Treated,100,TRUE,367.0,38.000,30.80,367.00,63.00,-1.000,0.8973,0.8645,FALSE,Very high,Low
43,50045,LSC15380,2026-05-26 10:33:00,Treated,100,TRUE,491.0,29.000,25.79,491.00,7.00,0.000,0.5204,0.4712,FALSE,Very high,Low
44,50065,LSC11525,2026-05-27 08:36:00,Treated,0,FALSE,321.0,38.000,32.24,321.00,17.00,-1.000,0.4045,0.4091,TRUE,Conformity,Low
45,50045,LSC11525,2026-05-27 08:36:00,Treated,0,FALSE,475.0,29.000,28.16,475.00,-9.00,0.000,0.4461,0.4617,TRUE,Conformity,Low
46,50065,LSC11517,2026-05-27 08:45:00,Treated,0,FALSE,327.0,38.000,33.45,327.00,23.00,-1.000,0.5276,0.5333,TRUE,Conformity,Low
47,50045,LSC11517,2026-05-27 08:45:00,Treated,0,FALSE,475.0,29.000,28.16,475.00,-9.00,0.000,0.4461,0.4617,TRUE,Conformity,Low
48,50065,LSC15487,2026-05-27 08:53:00,Treated,0,FALSE,342.0,38.000,31.86,342.00,38.00,-1.000,0.6414,0.6500,TRUE,Conformity,Low
49,50045,LSC15487,2026-05-27 08:53:00,Treated,0,FALSE,457.0,29.000,27.09,457.00,-27.00,0.000,0.2054,0.2144,TRUE,Conformity,Conformity
50,50065,LSC15484,2026-05-27 09:03:00,Treated,0,FALSE,344.0,38.000,31.62,344.00,40.00,-1.000,0.6553,0.6646,TRUE,Conformity,Low
51,50045,LSC15484,2026-05-27 09:03:00,Treated,0,FALSE,457.0,29.000,27.09,457.00,-27.00,0.000,0.2054,0.2144,TRUE,Conformity,Conformity
52,50065,LSC11469,2026-05-27 09:20:00,Treated,0,FALSE,329.0,36.000,29.16,329.00,25.00,-3.000,0.3704,0.3785,TRUE,Conformity,Low
53,50045,LSC11469,2026-05-27 09:20:00,Treated,0,FALSE,490.0,28.000,25.29,490.00,6.00,-1.000,0.4879,0.5026,TRUE,Conformity,Low
54,50065,LSC11558,2026-05-27 09:30:00,Treated,0,FALSE,328.0,37.000,29.09,328.00,24.00,-2.000,0.3557,0.3636,TRUE,Conformity,Low
55,50045,LSC11558,2026-05-27 09:30:00,Treated,0,FALSE,511.0,29.000,24.73,511.00,27.00,0.000,0.6932,0.7135,TRUE,Conformity,Low
56,50065,Kamonyi. EP Nyakabungo. Near new kitchen. Spring water tap,2026-05-27 09:39:00,Source (untreated),0,FALSE,328.0,37.000,29.09,328.00,24.00,-2.000,0.3557,0.3636,TRUE,Conformity,Low
57,50045,Kamonyi. EP Nyakabungo. Near new kitchen. Spring water tap,2026-05-27 09:39:00,Source (untreated),0,FALSE,511.0,29.000,24.73,511.00,27.00,0.000,0.6932,0.7135,TRUE,Conformity,Low
58,50065,Kamonyi. EP Nyakabungo. Behind P3A classroom. Rain water tank,2026-05-27 09:54:00,Source (untreated),0,FALSE,344.0,37.000,31.11,344.00,40.00,-2.000,0.6333,0.6429,TRUE,Conformity,Low
59,50045,Kamonyi. EP Nyakabungo. Behind P3A classroom. Rain water tank,2026-05-27 09:54:00,Source (untreated),0,FALSE,471.0,29.000,28.12,471.00,-13.00,0.000,0.4010,0.4157,TRUE,Conformity,Low
60,50065,Fake.Kicukiro.Amazi Meza warehouse.Kagina. Spring water,2026-05-28 08:14:00,Source (untreated),0,FALSE,377.0,36.000,29.50,377.00,73.00,-3.000,0.9625,0.9915,FALSE,Conformity,Low
61,50045,Fake.Kicukiro.Amazi Meza warehouse.Kagina. Spring water,2026-05-28 08:14:00,Source (untreated),0,FALSE,559.0,29.000,28.37,559.00,75.00,0.000,1.3682,1.4326,FALSE,Conformity,Intermediate
62,50065,Fake.Kicukiro.Amazi Meza warehouse.Rugando.Stream water,2026-05-28 08:33:00,Source (untreated),48,FALSE,356.0,37.000,29.60,356.00,52.00,-2.000,0.7142,0.6925,FALSE,Intermediate,Low
63,50045,Fake.Kicukiro.Amazi Meza warehouse.Rugando.Stream water,2026-05-28 08:33:00,Source (untreated),48,FALSE,539.0,30.000,27.00,539.00,55.00,1.000,1.0936,1.0737,TRUE,Intermediate,Intermediate
64,50065,Fake.Kicukiro. Amazi Meza warehouse.Kanengwa. Spring water,2026-05-28 09:03:00,Source (untreated),0,FALSE,334.0,36.000,31.60,334.00,30.00,-3.000,0.5332,0.5404,TRUE,Conformity,Low
65,50065,Fake.Kicukiro.Amazi Meza warehouse.Iriba.Spring water,2026-05-28 09:11:00,Source (untreated),5,FALSE,336.0,36.000,31.84,336.00,32.00,-3.000,0.5675,0.5649,TRUE,Low,Low
66,50045,Fake.Kicukiro.Amazi Meza warehouse.Iriba.Spring water,2026-05-28 09:11:00,Source (untreated),5,FALSE,551.0,29.000,26.57,551.00,67.00,0.000,1.2053,1.2231,TRUE,Low,Intermediate
67,50065,Fake.Kicukiro.Amazi Meza warehouse.Inindi House.Rainwater tank,2026-05-28 09:52:00,Source (untreated),0,FALSE,416.0,39.000,29.90,416.00,112.00,0.000,1.4496,1.5379,FALSE,Conformity,Intermediate
68,50045,Fake.Kicukiro.Amazi Meza warehouse.Inindi House.Rainwater tank,2026-05-28 09:52:00,Source (untreated),0,FALSE,534.0,31.000,26.84,534.00,50.00,2.000,1.0327,1.0641,FALSE,Conformity,Intermediate
69,50065,Fake.Kicukiro.Amazi Meza warehouse.Nyirakanamba I.Water Stream,2026-05-29 08:43:00,Source (untreated),100,TRUE,380.0,39.000,32.16,380.00,76.00,0.000,1.1115,1.0734,FALSE,Very high,Intermediate
70,50045,Fake.Kicukiro.Amazi Meza warehouse.Nyirakanamba I.Water Stream,2026-05-29 08:43:00,Source (untreated),100,TRUE,660.0,31.000,29.19,660.00,176.00,2.000,2.0043,2.0043,TRUE,Very high,Very high
71,50065,Fake.Kicukiro.Amazi Meza wahehouse.Nyirakanamba II. Water pipe,2026-05-29 08:54:00,Source (untreated),100,TRUE,382.0,39.000,34.08,382.00,78.00,0.000,1.2164,1.1729,TRUE,Very high,Intermediate
72,50045,Fake.Kicukiro.Amazi Meza wahehouse.Nyirakanamba II. Water pipe,2026-05-29 08:54:00,Source (untreated),100,TRUE,769.0,38.000,27.24,769.00,285.00,9.000,2.0043,2.0043,TRUE,Very high,Very high
73,50065,Fake.Kicukiro.Amazi Meza wahehouse.Nyirakanamba II. Water pipe,2026-05-29 09:01:00,Source (untreated),100,TRUE,627.0,50.000,33.55,627.00,323.00,11.000,2.0043,2.0043,TRUE,Very high,Very high
74,50045,Fake.Kicukiro.Amazi Meza wahehouse.Nyirakanamba II. Water pipe,2026-05-29 09:01:00,Source (untreated),100,TRUE,769.0,38.000,27.24,769.00,285.00,9.000,2.0043,2.0043,TRUE,Very high,Very high
75,50065,Fake.Kicukiro.Amazi Meza warehouse.Kabeza.Stream Water,2026-05-29 09:28:00,Source (untreated),100,TRUE,497.0,45.000,32.28,497.00,193.00,6.000,2.0043,2.0043,TRUE,Very high,Very high
76,50045,Fake.Kicukiro.Amazi Meza warehouse.Kabeza.Stream Water,2026-05-29 09:28:00,Source (untreated),100,TRUE,634.0,38.000,27.02,634.00,150.00,9.000,2.0043,2.0043,TRUE,Very high,Very high
77,50065,Fake.Kicukiro.Amazi Meza warehouse.Kabeza.Stream Water,2026-05-29 09:36:00,Source (untreated),100,TRUE,496.0,45.000,32.27,496.00,192.00,6.000,2.0043,2.0043,TRUE,Very high,Very high
78,50045,Fake.Kicukiro.Amazi Meza warehouse.Kabeza.Stream Water,2026-05-29 09:36:00,Source (untreated),100,TRUE,634.0,38.000,27.02,634.00,150.00,9.000,2.0043,2.0043,TRUE,Very high,Very high
79,50065,Fake.Kicukiro.Amazi Meza warehouse.Sahara.Stream water,2026-05-29 09:48:00,Source (untreated),100,TRUE,496.0,45.000,32.27,496.00,192.00,6.000,2.0043,2.0043,TRUE,Very high,Very high
80,50045,Fake.Kicukiro.Amazi Meza warehouse.Sahara.Stream water,2026-05-29 09:48:00,Source (untreated),100,TRUE,718.0,46.000,27.02,718.00,234.00,17.000,2.0043,2.0043,TRUE,Very high,Very high
81,50065,Fake.Kicukiro.Amazi Meza warehouse.Rugando.Stream water,2026-05-29 10:20:00,Source (untreated),100,TRUE,379.0,38.000,30.98,379.00,75.00,-1.000,1.0496,1.0117,FALSE,Very high,Low
82,50045,Fake.Kicukiro.Amazi Meza warehouse.Rugando.Stream water,2026-05-29 10:20:00,Source (untreated),100,TRUE,545.0,32.000,26.32,545.00,61.00,3.000,1.1310,1.0881,TRUE,Very high,Intermediate
83,50065,Fake.Kicukiro.Amazi Meza warehouse.Rugando.Stream water,2026-05-29 10:27:00,Source (untreated),100,TRUE,379.0,38.000,30.98,379.00,75.00,-1.000,1.0496,1.0117,FALSE,Very high,Low
84,50045,Fake.Kicukiro.Amazi Meza warehouse.Rugando.Stream water,2026-05-29 10:27:00,Source (untreated),100,TRUE,545.0,32.000,26.32,545.00,61.00,3.000,1.1310,1.0881,TRUE,Very high,Intermediate
85,50065,Fake.Kicukiro.Amazi Meza wahehouse.Nyirakanamba II. Water pipe,2026-05-30 12:05:00,Source (untreated),100,TRUE,722.0,52.000,33.53,722.00,418.00,13.000,2.0043,2.0043,TRUE,Very high,Very high
86,50045,Fake.Kicukiro.Amazi Meza wahehouse.Nyirakanamba II. Water pipe,2026-05-30 12:05:00,Source (untreated),100,TRUE,776.0,46.000,29.03,776.00,292.00,17.000,2.0043,2.0043,TRUE,Very high,Very high
87,50065,Fake.Kicukiro.Amazi Meza warehouse.Nyirakanamba I.Water Stream,2026-05-30 12:21:00,Source (untreated),100,TRUE,394.0,39.000,32.54,394.00,90.00,0.000,1.2959,1.2501,TRUE,Very high,Intermediate
88,50045,Fake.Kicukiro.Amazi Meza warehouse.Nyirakanamba I.Water Stream,2026-05-30 12:21:00,Source (untreated),100,TRUE,554.0,35.000,29.16,554.00,70.00,6.000,1.3495,1.3049,TRUE,Very high,Intermediate
89,50065,Fake.Kicukiro.Amazi Meza warehouse.Nyirakanamba I.Water Stream,2026-05-30 12:28:00,Source (untreated),100,TRUE,394.0,39.000,32.54,394.00,90.00,0.000,1.2959,1.2501,TRUE,Very high,Intermediate
90,50045,Fake.Kicukiro.Amazi Meza warehouse.Nyirakanamba I.Water Stream,2026-05-30 12:28:00,Source (untreated),100,TRUE,554.0,35.000,29.16,554.00,70.00,6.000,1.3495,1.3049,TRUE,Very high,Intermediate
91,50045,Fake.Kicukiro.Amazi Meza warehouse.Kabeza.Stream Water,2026-05-30 13:12:00,Source (untreated),100,TRUE,698.0,42.000,27.97,698.00,214.00,13.000,2.0043,2.0043,TRUE,Very high,Very high
92,50045,Fake.Kicukiro.Amazi Meza warehouse.Kabeza.Stream Water,2026-05-30 13:04:00,Source (untreated),100,TRUE,698.0,42.000,27.97,698.00,214.00,13.000,2.0043,2.0043,TRUE,Very high,Very high
93,50065,Fake.Kicukiro.Amazi Meza warehouse.Sahara.Stream water,2026-05-30 13:26:00,Source (untreated),100,TRUE,701.0,52.000,31.11,701.00,397.00,13.000,2.0043,2.0043,TRUE,Very high,Very high
94,50045,Fake.Kicukiro.Amazi Meza warehouse.Sahara.Stream water,2026-05-30 13:26:00,Source (untreated),100,TRUE,754.0,47.000,27.13,754.00,270.00,18.000,2.0043,2.0043,TRUE,Very high,Very high
95,50065,Fake.Kicukiro.Amazi Meza warehouse.Sahara.Stream water,2026-05-30 13:33:00,Source (untreated),100,TRUE,394.0,39.000,32.54,394.00,90.00,0.000,1.2959,1.2501,TRUE,Very high,Intermediate
96,50045,Fake.Kicukiro.Amazi Meza warehouse.Sahara.Stream water,2026-05-30 13:33:00,Source (untreated),100,TRUE,554.0,35.000,29.16,554.00,70.00,6.000,1.3495,1.3049,TRUE,Very high,Intermediate
97,50065,,2026-06-01 07:57:00,Source (untreated),0,FALSE,337.0,38.000,39.35,337.00,33.00,-1.000,0.8962,0.9335,FALSE,Conformity,Low
98,50065,,2026-06-01 08:04:00,Source (untreated),100,TRUE,337.0,38.000,39.35,337.00,33.00,-1.000,0.8962,0.8372,FALSE,Very high,Low
99,50065,,2026-06-01 08:18:00,Source (untreated),14,FALSE,305.0,37.000,39.96,305.00,1.00,-2.000,0.5368,0.5145,TRUE,Intermediate,Low
100,50065,,2026-06-01 08:26:00,Source (untreated),0,FALSE,305.0,37.000,39.96,305.00,1.00,-2.000,0.5368,0.5554,TRUE,Conformity,Low
101,50065,,2026-06-01 08:42:00,Source (untreated),3,FALSE,324.0,39.000,37.31,324.00,20.00,0.000,0.6543,0.6557,TRUE,Low,Low
102,50065,,2026-06-01 08:44:00,Source (untreated),0,FALSE,324.0,39.000,37.31,324.00,20.00,0.000,0.6543,0.6677,TRUE,Conformity,Low
103,50065,,2026-06-02 10:35:00,Source (untreated),100,TRUE,301.0,40.000,38.58,301.00,-3.00,1.000,0.4315,0.3900,FALSE,Very high,Low
104,50065,,2026-06-04 08:45:00,Treated,0,FALSE,256.0,40.000,37.82,256.00,-48.00,1.000,-0.1420,-0.1464,TRUE,Conformity,Conformity
105,50053,,2026-06-04 08:45:00,Treated,0,FALSE,788.0,32.000,35.38,788.00,-10.50,-1.000,0.2216,0.2282,TRUE,Conformity,Conformity
106,50065,,2026-06-04 09:02:00,Treated,0,FALSE,253.0,39.000,38.86,253.00,-51.00,0.000,-0.1348,-0.1396,TRUE,Conformity,Conformity
107,50053,,2026-06-04 09:02:00,Treated,0,FALSE,754.0,32.000,35.67,754.00,-44.50,-1.000,0.1466,0.1519,TRUE,Conformity,Conformity
108,50065,,2026-06-04 09:54:00,Source (untreated),100,TRUE,1474.0,122.000,36.80,1474.00,1170.00,83.000,2.0043,2.0043,TRUE,Very high,Very high
109,50053,,2026-06-04 09:54:00,Source (untreated),100,TRUE,1313.0,90.000,34.60,1313.00,514.50,57.000,1.5509,1.1165,TRUE,Very high,Intermediate
110,50065,,2026-06-04 09:56:00,Source (untreated),100,TRUE,1474.0,122.000,36.80,1474.00,1170.00,83.000,2.0043,2.0043,TRUE,Very high,Very high
111,50065,,2026-06-04 09:58:00,Source (untreated),100,TRUE,1474.0,122.000,36.80,1474.00,1170.00,83.000,2.0043,2.0043,TRUE,Very high,Very high
112,50065,Turkana.Loima.Turkwel.Lorgum.100m near church.Concrete fixed public stand Tap 2,2026-06-02 07:48:00,Treated,0,FALSE,309.0,40.000,32.95,309.00,5.00,1.000,0.2908,0.2940,TRUE,Conformity,Conformity
113,50065,Turkana.Loima.Turkwel.Lorgum.100m near church.Concrete fixed public stand Tap 2,2026-06-02 08:00:00,Treated,0,FALSE,311.0,39.000,36.02,311.00,7.00,0.000,0.4436,0.4494,TRUE,Conformity,Low
114,50065,Turkana.Loima.Turkwel.Lorgum.Aqutab inline chlorine unit,2026-06-02 08:18:00,Treated,0,FALSE,262.0,44.000,36.17,262.00,-42.00,5.000,-0.1380,-0.1416,TRUE,Conformity,Conformity
115,50065,,2026-06-02 08:43:00,Treated,0,FALSE,312.0,39.000,38.13,312.00,8.00,0.000,0.5445,0.5566,TRUE,Conformity,Low
116,50065,Turkana.Loima.Turkwel.Lorgum.East of treatement.Concrete fixed Public Stand Tap 4,2026-06-02 09:04:00,Treated,0,FALSE,290.0,40.000,37.01,290.00,-14.00,1.000,0.2329,0.2367,TRUE,Conformity,Conformity
117,50065,Turkana.Loima.Turkwel.Lorgum.Nearest to 32m3 steel tank.Concrete fixed Public Stand Tap 1,2026-06-02 09:16:00,Treated,0,FALSE,294.0,39.000,37.35,294.00,-10.00,0.000,0.2950,0.3002,TRUE,Conformity,Conformity
118,50065,Turkana.Loima.Turkwel.Lorgum.Behind grass roof house.Concrete fixed Public Stand Tap 3,2026-06-02 10:16:00,Treated,0,FALSE,304.0,40.000,39.32,304.00,0.00,1.000,0.4988,0.5128,TRUE,Conformity,Low
119,50065,Turkana.Loima.Turkwel.Lorgum.100m near church.Concrete fixed public stand Tap 2,2026-06-02 10:28:00,Treated,0,FALSE,301.0,40.000,38.58,301.00,-3.00,1.000,0.4315,0.4414,TRUE,Conformity,Low
120,50065,Turkana.Loima.Turkwel.Lorgum.100m near church.Concrete fixed public stand Tap 2,2026-06-02 10:30:00,Treated,0,FALSE,301.0,40.000,38.58,301.00,-3.00,1.000,0.4315,0.4414,TRUE,Conformity,Low
121,50065,Turkana.Turkana West.Kakuma.Nakoyo.100m from the Tank.Public Stand Tap 2,2026-06-03 08:43:00,Treated,0,FALSE,307.0,115.000,40.99,307.00,3.00,76.000,0.6335,0.8050,TRUE,Conformity,Low
122,50053,Turkana.Turkana West.Kakuma.Nakoyo.100m from the Tank.Public Stand Tap 2,2026-06-03 08:43:00,Treated,0,FALSE,715.0,29.000,35.87,715.00,-83.50,-4.000,0.0544,0.0570,TRUE,Conformity,Conformity
123,50065,Turkana.Turkana West.Kakuma.Nakoyo.100m from the Tank.Public Stand Tap 2,2026-06-03 08:46:00,Treated,0,FALSE,307.0,115.000,40.99,307.00,3.00,76.000,0.6335,0.8050,TRUE,Conformity,Low
124,50053,Turkana.Turkana West.Kakuma.Nakoyo.100m from the Tank.Public Stand Tap 2,2026-06-03 08:46:00,Treated,0,FALSE,715.0,29.000,35.87,715.00,-83.50,-4.000,0.0544,0.0570,TRUE,Conformity,Conformity
125,50053,Turkana.Turkana West.Kakuma.Nakoyo.500m East.Public Stand Tap 3,2026-06-03 09:11:00,Treated,0,FALSE,715.0,30.000,38.22,715.00,-83.50,-3.000,0.1538,0.1631,TRUE,Conformity,Conformity
126,50053,Turkana.Turkana West.Kakuma.Nakoyo.500m East.Public Stand Tap 3,2026-06-03 09:14:00,Treated,0,FALSE,715.0,30.000,38.22,715.00,-83.50,-3.000,0.1538,0.1631,TRUE,Conformity,Conformity
127,50065,Turkana.Turkana West. Kakuma.Nakoyo.Adjacent to 5m3 PVC tank.Public Tap Stand 4,2026-06-03 09:31:00,Treated,0,FALSE,279.0,41.000,37.79,279.00,-25.00,2.000,0.1339,0.1367,TRUE,Conformity,Conformity
128,50053,Turkana.Turkana West. Kakuma.Nakoyo.Adjacent to 5m3 PVC tank.Public Tap Stand 4,2026-06-03 09:31:00,Treated,0,FALSE,735.0,29.000,37.27,735.00,-63.50,-4.000,0.1643,0.1724,TRUE,Conformity,Conformity
129,50065,Turkana.Turkana West. Kakuma.Nakoyo.Adjacent to 5m3 PVC tank.Public Tap Stand 4,2026-06-03 09:33:00,Treated,0,FALSE,279.0,41.000,37.79,279.00,-25.00,2.000,0.1339,0.1367,TRUE,Conformity,Conformity
130,50053,Turkana.Turkana West. Kakuma.Nakoyo.Adjacent to 5m3 PVC tank.Public Tap Stand 4,2026-06-03 09:33:00,Treated,0,FALSE,735.0,29.000,37.27,735.00,-63.50,-4.000,0.1643,0.1724,TRUE,Conformity,Conformity
131,50053,Turkana.Turkana West.Kakuma.Nakoyo.Public Stand Tap 6,2026-06-03 09:58:00,Treated,0,FALSE,758.0,29.000,35.52,758.00,-40.50,-4.000,0.1495,0.1548,TRUE,Conformity,Conformity
132,50065,Turkana.Turkana South. Lokichar. Kimabur.Kimabur school.Public Stand Tap 1,2026-06-04 08:11:00,Treated,0,FALSE,293.0,39.000,37.60,293.00,-11.00,0.000,0.2937,0.2992,TRUE,Conformity,Conformity
133,50053,Turkana.Turkana South. Lokichar. Kimabur.Kimabur school.Public Stand Tap 1,2026-06-04 08:11:00,Treated,0,FALSE,795.0,33.000,34.58,795.00,-3.50,0.000,0.2061,0.2115,TRUE,Conformity,Conformity
134,50065,Turkana.Turkana South.Lokichar.Kimabur.Concrete fixed Public Stand Tap 3,2026-06-04 08:27:00,Treated,0,FALSE,265.0,39.000,36.73,265.00,-39.00,0.000,-0.0799,-0.0820,TRUE,Conformity,Conformity
135,50053,Turkana.Turkana South.Lokichar.Kimabur.Concrete fixed Public Stand Tap 3,2026-06-04 08:27:00,Treated,0,FALSE,811.0,32.000,34.05,811.00,12.50,-1.000,0.2240,0.2293,TRUE,Conformity,Conformity
136,50065,Turkana.Turkana South. Lokichar. Kimabur.Kimabur school.Public Stand Tap 1,2026-06-04 08:13:00,Treated,0,FALSE,293.0,39.000,37.60,293.00,-11.00,0.000,0.2937,0.2992,TRUE,Conformity,Conformity
137,50053,Turkana.Turkana South. Lokichar. Kimabur.Kimabur school.Public Stand Tap 1,2026-06-04 08:13:00,Treated,0,FALSE,795.0,33.000,34.58,795.00,-3.50,0.000,0.2061,0.2115,TRUE,Conformity,Conformity
138,50065,Turkana.Turkana South.Lokichar.Kimabur.Concrete fixed Public Stand Tap 3,2026-06-04 08:29:00,Treated,0,FALSE,265.0,39.000,36.73,265.00,-39.00,0.000,-0.0799,-0.0820,TRUE,Conformity,Conformity
139,50053,Turkana.Turkana South.Lokichar.Kimabur.Concrete fixed Public Stand Tap 3,2026-06-04 08:29:00,Treated,0,FALSE,811.0,32.000,34.05,811.00,12.50,-1.000,0.2240,0.2293,TRUE,Conformity,Conformity
140,50065,Turkana.Turkana South.Lokichar.Kimabur.Concrete fixed Public Stand Tap 3,2026-06-04 08:33:00,Treated,0,FALSE,257.0,39.000,37.82,257.00,-47.00,0.000,-0.1303,-0.1344,TRUE,Conformity,Conformity
141,50053,Turkana.Turkana South.Lokichar.Kimabur.Concrete fixed Public Stand Tap 3,2026-06-04 08:33:00,Treated,0,FALSE,802.0,31.000,34.57,802.00,3.50,-2.000,0.2225,0.2283,TRUE,Conformity,Conformity
142,50065,Isiolo.Isiolo.Ngaremara.Kona (Ngalabilabia).KonaBorehole,2026-06-09 06:54:00,Source (untreated),0,FALSE,285.0,41.000,31.56,285.00,-19.00,2.000,-0.0563,-0.0578,TRUE,Conformity,Conformity
143,50053,Isiolo.Isiolo.Ngaremara.Kona (Ngalabilabia).KonaBorehole,2026-06-09 06:54:00,Source (untreated),0,FALSE,646.0,40.000,29.39,646.00,-152.50,7.000,-0.3902,-0.4247,TRUE,Conformity,Conformity
144,50065,Isiolo.Isiolo.Ngaremara.Kona (Ngalabilabia).KonaBorehole,2026-06-09 06:56:00,Source (untreated),0,FALSE,285.0,41.000,31.56,285.00,-19.00,2.000,-0.0563,-0.0578,TRUE,Conformity,Conformity
145,50053,Isiolo.Isiolo.Ngaremara.Kona (Ngalabilabia).KonaBorehole,2026-06-09 06:56:00,Source (untreated),0,FALSE,646.0,40.000,29.39,646.00,-152.50,7.000,-0.3902,-0.4247,TRUE,Conformity,Conformity
146,50065,Isiolo.Isiolo.Ngaremara.Kona (Ngalabilabia).KonaBorehole,2026-06-09 06:59:00,Source (untreated),0,FALSE,285.0,41.000,31.56,285.00,-19.00,2.000,-0.0563,-0.0578,TRUE,Conformity,Conformity
147,50053,Isiolo.Isiolo.Ngaremara.Kona (Ngalabilabia).KonaBorehole,2026-06-09 06:59:00,Source (untreated),0,FALSE,646.0,40.000,29.39,646.00,-152.50,7.000,-0.3902,-0.4247,TRUE,Conformity,Conformity
148,50065,Isiolo.Isiolo.Ngaremara.Kona (Ngalabilabia).KonaBorehole,2026-06-09 07:01:00,Source (untreated),0,FALSE,285.0,41.000,31.56,285.00,-19.00,2.000,-0.0563,-0.0578,TRUE,Conformity,Conformity
149,50053,Isiolo.Isiolo.Ngaremara.Kona (Ngalabilabia).KonaBorehole,2026-06-09 07:01:00,Source (untreated),0,FALSE,646.0,40.000,29.39,646.00,-152.50,7.000,-0.3902,-0.4247,TRUE,Conformity,Conformity
150,50065,Isiolo.Isiolo.Ngaremara.Kona (Ngalabilabia).KonaBorehole,2026-06-09 07:04:00,Source (untreated),0,FALSE,285.0,41.000,31.56,285.00,-19.00,2.000,-0.0563,-0.0578,TRUE,Conformity,Conformity
151,50053,Isiolo.Isiolo.Ngaremara.Kona (Ngalabilabia).KonaBorehole,2026-06-09 07:04:00,Source (untreated),0,FALSE,646.0,40.000,29.39,646.00,-152.50,7.000,-0.3902,-0.4247,TRUE,Conformity,Conformity
152,50065,Isiolo.Isiolo.Ngaremara.Kona(Ngalabilabia).NearestToBorehole.KonaWaterKiosk,2026-06-09 07:20:00,Treated,1,FALSE,312.0,40.000,34.54,312.00,8.00,1.000,0.3939,0.3949,TRUE,Low,Low
153,50053,Isiolo.Isiolo.Ngaremara.Kona(Ngalabilabia).NearestToBorehole.KonaWaterKiosk,2026-06-09 07:20:00,Treated,1,FALSE,917.0,34.000,30.40,917.00,118.50,1.000,0.3421,0.3433,TRUE,Low,Low
154,50065,Isiolo.Isiolo.Ngaremara.Kona(Ngalabilabia).NearestToBorehole.KonaWaterKiosk,2026-06-09 07:23:00,Treated,2,FALSE,312.0,40.000,34.54,312.00,8.00,1.000,0.3939,0.3932,TRUE,Low,Low
155,50053,Isiolo.Isiolo.Ngaremara.Kona(Ngalabilabia).NearestToBorehole.KonaWaterKiosk,2026-06-09 07:23:00,Treated,2,FALSE,917.0,34.000,30.40,917.00,118.50,1.000,0.3421,0.3384,TRUE,Low,Low
156,50065,Isiolo.Isiolo.Ngaremara.Kona(Ngalabilabia).NearestToBorehole.KonaWaterKiosk,2026-06-09 07:26:00,Treated,2,FALSE,312.0,40.000,34.54,312.00,8.00,1.000,0.3939,0.3932,TRUE,Low,Low
157,50053,Isiolo.Isiolo.Ngaremara.Kona(Ngalabilabia).NearestToBorehole.KonaWaterKiosk,2026-06-09 07:26:00,Treated,2,FALSE,917.0,34.000,30.40,917.00,118.50,1.000,0.3421,0.3384,TRUE,Low,Low
158,50065,Isiolo.Isiolo.Ngaremara.Kona(Ngalabilabia).NextToSignPost.ArmartiJuuWaterKiosk,2026-06-09 07:48:00,Treated,14,FALSE,267.0,41.000,33.69,267.00,-37.00,2.000,-0.1830,-0.2170,FALSE,Intermediate,Conformity
159,50053,Isiolo.Isiolo.Ngaremara.Kona(Ngalabilabia).NextToSignPost.ArmartiJuuWaterKiosk,2026-06-09 07:48:00,Treated,14,FALSE,948.0,34.000,29.89,948.00,149.50,1.000,0.3997,0.3722,TRUE,Intermediate,Low
160,50065,Isiolo.Isiolo.Ngaremara.Kona(Ngalabilabia).NextToSignPost.ArmartiJuuWaterKiosk,2026-06-09 07:51:00,Treated,5,FALSE,267.0,41.000,33.69,267.00,-37.00,2.000,-0.1830,-0.2074,FALSE,Low,Conformity
161,50053,Isiolo.Isiolo.Ngaremara.Kona(Ngalabilabia).NextToSignPost.ArmartiJuuWaterKiosk,2026-06-09 07:51:00,Treated,5,FALSE,948.0,34.000,29.89,948.00,149.50,1.000,0.3997,0.3864,TRUE,Low,Low
162,50065,Isiolo.Isiolo.Ngaremara.Kona(Ngalabilabia).NextToSignPost.ArmartiJuuWaterKiosk,2026-06-09 07:53:00,Treated,5,FALSE,267.0,41.000,33.69,267.00,-37.00,2.000,-0.1830,-0.2074,FALSE,Low,Conformity
163,50053,Isiolo.Isiolo.Ngaremara.Kona(Ngalabilabia).NextToSignPost.ArmartiJuuWaterKiosk,2026-06-09 07:53:00,Treated,5,FALSE,948.0,34.000,29.89,948.00,149.50,1.000,0.3997,0.3864,TRUE,Low,Low
164,50065,Isiolo.Isiolo.Ngaremara.Near50m3ElevatedSteelTank.ZebraCenterWaterKiosk,2026-06-09 08:28:00,Treated,0,FALSE,280.0,40.000,33.58,280.00,-24.00,1.000,-0.0315,-0.0322,TRUE,Conformity,Conformity
165,50053,Isiolo.Isiolo.Ngaremara.Near50m3ElevatedSteelTank.ZebraCenterWaterKiosk,2026-06-09 08:28:00,Treated,0,FALSE,902.0,33.000,30.26,902.00,103.50,0.000,0.2973,0.3049,TRUE,Conformity,Low
166,50065,Isiolo.Isiolo.Ngaremara.Near50m3ElevatedSteelTank.ZebraCenterWaterKiosk,2026-06-09 08:30:00,Treated,0,FALSE,280.0,40.000,33.58,280.00,-24.00,1.000,-0.0315,-0.0322,TRUE,Conformity,Conformity
167,50053,Isiolo.Isiolo.Ngaremara.Near50m3ElevatedSteelTank.ZebraCenterWaterKiosk,2026-06-09 08:30:00,Treated,0,FALSE,902.0,33.000,30.26,902.00,103.50,0.000,0.2973,0.3049,TRUE,Conformity,Low
168,50065,Isiolo.Isiolo.Ngaremara.Near50m3ElevatedSteelTank.ZebraCenterWaterKiosk,2026-06-09 08:33:00,Treated,0,FALSE,280.0,40.000,33.58,280.00,-24.00,1.000,-0.0315,-0.0322,TRUE,Conformity,Conformity
169,50053,Isiolo.Isiolo.Ngaremara.Near50m3ElevatedSteelTank.ZebraCenterWaterKiosk,2026-06-09 08:33:00,Treated,0,FALSE,902.0,33.000,30.26,902.00,103.50,0.000,0.2973,0.3049,TRUE,Conformity,Low
170,50065,,2026-06-09 08:45:00,Treated,1,FALSE,264.0,40.000,39.76,264.00,-40.00,1.000,0.0358,0.0269,TRUE,Low,Conformity
171,50053,,2026-06-09 08:45:00,Treated,1,FALSE,885.0,33.000,31.59,885.00,86.50,0.000,0.3100,0.3103,TRUE,Low,Low
172,50065,,2026-06-09 08:48:00,Treated,0,FALSE,264.0,40.000,39.76,264.00,-40.00,1.000,0.0358,0.0370,TRUE,Conformity,Conformity
173,50053,,2026-06-09 08:48:00,Treated,0,FALSE,885.0,33.000,31.59,885.00,86.50,0.000,0.3100,0.3170,TRUE,Conformity,Low
174,50065,,2026-06-10 07:26:00,Source (untreated),0,FALSE,312.0,40.000,30.39,312.00,8.00,1.000,0.2191,0.2231,TRUE,Conformity,Conformity
175,50053,,2026-06-10 07:26:00,Source (untreated),0,FALSE,1022.0,33.000,25.85,1022.00,223.50,0.000,0.4179,0.4505,TRUE,Conformity,Low
176,50065,,2026-06-10 07:30:00,Source (untreated),0,FALSE,312.0,40.000,30.39,312.00,8.00,1.000,0.2191,0.2231,TRUE,Conformity,Conformity
177,50053,,2026-06-10 07:30:00,Source (untreated),0,FALSE,1022.0,33.000,25.85,1022.00,223.50,0.000,0.4179,0.4505,TRUE,Conformity,Low
178,50065,Isiolo.Isiolo.Ngaremara.Nasuroi.NearestToFarm.WaterKiosk2,2026-06-10 07:53:00,Source (untreated),14,FALSE,338.0,40.000,32.36,338.00,34.00,1.000,0.6150,0.6083,TRUE,Intermediate,Low
179,50053,Isiolo.Isiolo.Ngaremara.Nasuroi.NearestToFarm.WaterKiosk2,2026-06-10 07:53:00,Source (untreated),14,FALSE,968.0,33.000,29.63,968.00,169.50,0.000,0.4392,0.4082,TRUE,Intermediate,Low
180,50065,Isiolo.Isiolo.Ngaremara.Nasuroi.NearestToFarm.WaterKiosk2,2026-06-10 07:57:00,Source (untreated),48,FALSE,338.0,40.000,32.36,338.00,34.00,1.000,0.6150,0.6015,FALSE,Intermediate,Low
181,50053,Isiolo.Isiolo.Ngaremara.Nasuroi.NearestToFarm.WaterKiosk2,2026-06-10 07:57:00,Source (untreated),48,FALSE,968.0,33.000,29.63,968.00,169.50,0.000,0.4392,0.3865,FALSE,Intermediate,Low
182,50065,Isiolo.Isiolo.Ngaremara.Nasuroi.ClaraChlorinationSystem,2026-06-10 10:45:00,Treated,0,FALSE,286.0,40.000,30.96,286.00,-18.00,1.000,-0.0697,-0.0717,TRUE,Conformity,Conformity
183,50053,Isiolo.Isiolo.Ngaremara.Nasuroi.ClaraChlorinationSystem,2026-06-10 10:45:00,Treated,0,FALSE,923.0,34.000,30.75,923.00,124.50,1.000,0.3719,0.3826,TRUE,Conformity,Low
184,50065,Isiolo.Isiolo.Ngaremara.Nasuroi.ClaraChlorinationSystem,2026-06-10 10:50:00,Treated,0,FALSE,286.0,40.000,30.96,286.00,-18.00,1.000,-0.0697,-0.0717,TRUE,Conformity,Conformity
185,50053,Isiolo.Isiolo.Ngaremara.Nasuroi.ClaraChlorinationSystem,2026-06-10 10:50:00,Treated,0,FALSE,923.0,34.000,30.75,923.00,124.50,1.000,0.3719,0.3826,TRUE,Conformity,Low
186,50065,Isiolo.Isiolo.Ngaremara.Nasuroi.NasuroiBorehole,2026-06-10 11:10:00,Source (untreated),0,FALSE,324.0,40.000,39.29,324.00,20.00,1.000,0.7383,0.7629,TRUE,Conformity,Low
187,50053,Isiolo.Isiolo.Ngaremara.Nasuroi.NasuroiBorehole,2026-06-10 11:10:00,Source (untreated),0,FALSE,929.0,34.000,31.54,929.00,130.50,1.000,0.4204,0.4331,TRUE,Conformity,Low
188,50065,Isiolo.Isiolo.Ngaremara.Nasuroi.NasuroiBorehole,2026-06-10 11:13:00,Source (untreated),0,FALSE,286.0,41.000,37.79,286.00,-18.00,2.000,0.2182,0.2224,TRUE,Conformity,Conformity
189,50053,Isiolo.Isiolo.Ngaremara.Nasuroi.NasuroiBorehole,2026-06-10 11:13:00,Source (untreated),0,FALSE,899.0,33.000,31.54,899.00,100.50,0.000,0.3434,0.3519,TRUE,Conformity,Low
190,50065,,2026-06-10 11:22:00,Treated,0,FALSE,286.0,41.000,37.79,286.00,-18.00,2.000,0.2182,0.2224,TRUE,Conformity,Conformity
191,50053,,2026-06-10 11:22:00,Treated,0,FALSE,899.0,33.000,31.54,899.00,100.50,0.000,0.3434,0.3519,TRUE,Conformity,Low
192,50065,,2026-06-10 11:25:00,Treated,0,FALSE,286.0,41.000,37.79,286.00,-18.00,2.000,0.2182,0.2224,TRUE,Conformity,Conformity
193,50053,,2026-06-10 11:25:00,Treated,0,FALSE,899.0,33.000,31.54,899.00,100.50,0.000,0.3434,0.3519,TRUE,Conformity,Low
194,50065,,2026-06-10 09:32:00,Source (untreated),1,FALSE,307.0,41.000,32.44,307.00,3.00,2.000,0.2456,0.2450,TRUE,Low,Conformity
195,50053,,2026-06-10 09:32:00,Source (untreated),1,FALSE,977.0,33.000,28.72,977.00,178.50,0.000,0.4240,0.4298,TRUE,Low,Low
196,50065,,2026-06-10 09:37:00,Source (untreated),0,FALSE,307.0,41.000,32.44,307.00,3.00,2.000,0.2456,0.2486,TRUE,Conformity,Conformity
197,50053,,2026-06-10 09:37:00,Source (untreated),0,FALSE,977.0,33.000,28.72,977.00,178.50,0.000,0.4240,0.4439,TRUE,Conformity,Low
198,50065,Isiolo.Garbatulla.Kulamawe 1 (police station).Borehole,2026-06-11 08:22:00,Source (untreated),0,FALSE,300.0,39.000,34.59,300.00,-4.00,0.000,0.2512,0.2541,TRUE,Conformity,Conformity
199,50053,Isiolo.Garbatulla.Kulamawe 1 (police station).Borehole,2026-06-11 08:22:00,Source (untreated),0,FALSE,638.0,35.000,31.91,638.00,-160.50,2.000,-0.3067,-0.3303,TRUE,Conformity,Conformity
200,50065,Isiolo.Garbatulla.Kulamawe 1 (police station).Borehole,2026-06-11 08:29:00,Source (untreated),0,FALSE,300.0,39.000,34.59,300.00,-4.00,0.000,0.2512,0.2541,TRUE,Conformity,Conformity
201,50053,Isiolo.Garbatulla.Kulamawe 1 (police station).Borehole,2026-06-11 08:29:00,Source (untreated),0,FALSE,638.0,35.000,31.91,638.00,-160.50,2.000,-0.3067,-0.3303,TRUE,Conformity,Conformity
202,50065,Isiolo.Garbatulla.Kulamawe 1 (police station).Borehole,2026-06-11 08:32:00,Source (untreated),0,FALSE,300.0,39.000,34.59,300.00,-4.00,0.000,0.2512,0.2541,TRUE,Conformity,Conformity
203,50053,Isiolo.Garbatulla.Kulamawe 1 (police station).Borehole,2026-06-11 08:32:00,Source (untreated),0,FALSE,638.0,35.000,31.91,638.00,-160.50,2.000,-0.3067,-0.3303,TRUE,Conformity,Conformity
204,50065,Isiolo.Garbatula.Kinna.Kulamawe1 (Police station).Near Old Livestock troughts.Stand tap 1,2026-06-11 09:14:00,Treated,0,FALSE,269.0,40.000,38.07,269.00,-35.00,1.000,0.0248,0.0253,TRUE,Conformity,Conformity
205,50065,Isiolo.Garbatula.Kinna.Kulamawe1 (Police station).Near Old Livestock troughts.Stand tap 1,2026-06-11 09:16:00,Treated,0,FALSE,268.0,39.000,38.51,268.00,-36.00,0.000,0.0311,0.0319,TRUE,Conformity,Conformity
206,50053,Isiolo.Garbatula.Kinna.Kulamawe1 (Police station).Near Old Livestock troughts.Stand tap 1,2026-06-11 09:16:00,Treated,0,FALSE,844.0,34.000,32.12,844.00,45.50,1.000,0.2279,0.2324,TRUE,Conformity,Conformity
207,50065,Isiolo.Garbatula.Kinna.Kulamawe1 (Police station).Near Old Livestock troughts.Stand tap 1,2026-06-11 08:50:00,Source (untreated),2,FALSE,284.0,39.000,35.20,284.00,-20.00,0.000,0.0841,0.0780,TRUE,Low,Conformity
208,50053,Isiolo.Garbatula.Kinna.Kulamawe1 (Police station).Near Old Livestock troughts.Stand tap 1,2026-06-11 08:50:00,Source (untreated),2,FALSE,887.0,33.000,31.63,887.00,88.50,0.000,0.3166,0.3130,TRUE,Low,Low
209,50065,Isiolo.Garbatula.Kinna.Kulamawe1 (Police station).Near Old Livestock troughts.Stand tap 1,2026-06-11 08:53:00,Source (untreated),1,FALSE,284.0,39.000,35.20,284.00,-20.00,0.000,0.0841,0.0807,TRUE,Low,Conformity
210,50053,Isiolo.Garbatula.Kinna.Kulamawe1 (Police station).Near Old Livestock troughts.Stand tap 1,2026-06-11 08:53:00,Source (untreated),1,FALSE,887.0,33.000,31.63,887.00,88.50,0.000,0.3166,0.3170,TRUE,Low,Low
211,50065,Isiolo.Garbatula.Kinna.Kulamawe1 (Police station).Near Old Livestock troughts.Stand tap 1,2026-06-11 08:56:00,Source (untreated),2,FALSE,284.0,39.000,35.20,284.00,-20.00,0.000,0.0841,0.0780,TRUE,Low,Conformity
212,50053,Isiolo.Garbatula.Kinna.Kulamawe1 (Police station).Near Old Livestock troughts.Stand tap 1,2026-06-11 08:56:00,Source (untreated),2,FALSE,887.0,33.000,31.63,887.00,88.50,0.000,0.3166,0.3130,TRUE,Low,Low
213,50065,Isiolo.Garbatula.Kinna.Kulamawe1 (Police station).Near Old Livestock troughts.Stand tap 1,2026-06-11 09:24:00,Treated,0,FALSE,268.0,39.000,38.51,268.00,-36.00,0.000,0.0311,0.0319,TRUE,Conformity,Conformity
214,50053,Isiolo.Garbatula.Kinna.Kulamawe1 (Police station).Near Old Livestock troughts.Stand tap 1,2026-06-11 09:24:00,Treated,0,FALSE,840.0,34.000,32.04,840.00,41.50,1.000,0.2144,0.2186,TRUE,Conformity,Conformity
215,50065,Isiolo.Garbatula.Kinna.Kulamawe1 (Police station).Near Old Livestock troughts.Stand tap 1,2026-06-11 09:29:00,Treated,0,FALSE,268.0,39.000,38.51,268.00,-36.00,0.000,0.0311,0.0319,TRUE,Conformity,Conformity
216,50053,Isiolo.Garbatula.Kinna.Kulamawe1 (Police station).Near Old Livestock troughts.Stand tap 1,2026-06-11 09:29:00,Treated,0,FALSE,840.0,34.000,32.04,840.00,41.50,1.000,0.2144,0.2186,TRUE,Conformity,Conformity
