sample_local,site,water_type,cbt,past_detect,chlorine,enumerator,submitted,tz_sample,tz_survey,barcodes,cbt_recorded,batch,tz_survey_used,tz_imputed,t_utc,shift_min,censored,bag_id,soak_id,sample_group
2026-05-25 10:12:00,LSC15529,Treated,0.0,False,,E1,2026-05-25 15:20:56,UTC+02:00 Central Africa Time (Rwanda),,"['50045', '50065']",0.0,1,,False,2026-05-25 10:12:00+00:00,0,False,B202605251012,S001,G202605251012
2026-05-25 10:26:00,LSC11397,Treated,0.0,False,,E1,2026-05-25 15:22:11,UTC+02:00 Central Africa Time (Rwanda),,"['50045', '50065']",0.0,1,,False,2026-05-25 10:26:00+00:00,0,False,B202605251026,S002,G202605251026
2026-05-25 10:35:00,LSC15371,Treated,0.0,False,,E1,2026-05-25 15:23:12,UTC+02:00 Central Africa Time (Rwanda),,"['50045', '50065']",0.0,1,,False,2026-05-25 10:35:00+00:00,0,False,B202605251035,S003,G202605251035
2026-05-25 10:45:00,LSC11400,Treated,0.0,False,,E1,2026-05-25 15:24:44,UTC+02:00 Central Africa Time (Rwanda),,"['50045', '50065']",0.0,1,,False,2026-05-25 10:45:00+00:00,0,False,B202605251045,S004,G202605251045
2026-05-25 11:07:00,LSC15206,Treated,0.0,False,,E1,2026-05-25 15:27:23,UTC+02:00 Central Africa Time (Rwanda),,"['50045', '50065']",0.0,1,,False,2026-05-25 11:07:00+00:00,0,False,B202605251107,S006,G202605251107
2026-05-25 10:55:00,LSC15206,Treated,0.0,False,,E1,2026-05-25 18:50:17,UTC+02:00 Central Africa Time (Rwanda),,"['50045', '50065']",48.0,2,,False,2026-05-25 10:55:00+00:00,0,False,B202605251055,S005,G202605251055
2026-05-25 11:16:00,Kamonyi. EP Rwishwima. Near nursery class2. Rain water tank,Source (untreated),5.0,False,,E1,2026-05-26 15:32:48,UTC+02:00 Central Africa Time (Rwanda),,"['50045', '50065']",5.0,3,,False,2026-05-25 11:16:00+00:00,0,False,B202605251116,S007,G202605251116
2026-05-25 11:20:00,Kamonyi. EP Rwishwima. In front of the kitchen. Rain water tank,Source (untreated),5.0,False,,E1,2026-05-26 15:34:00,UTC+02:00 Central Africa Time (Rwanda),,"['50045', '50065']",5.0,3,,False,2026-05-25 11:20:00+00:00,0,False,B202605251120,S007,G202605251116
2026-05-25 11:30:00,Kamonyi. EP Rwishwima. Between nursery class1 and nursery class2. Spring water tap,Source (untreated),0.0,False,,E1,2026-05-26 15:35:53,UTC+02:00 Central Africa Time (Rwanda),,"['50045', '50065']",0.0,3,,False,2026-05-25 11:30:00+00:00,0,False,B202605251130,S008,G202605251130
2026-05-25 11:33:00,Kamonyi. EP Rwishwima. Between nursery class1 and nursery class2. Spring water tap,Source (untreated),0.0,False,,E1,2026-05-26 15:37:06,UTC+02:00 Central Africa Time (Rwanda),,"['50045', '50065']",0.0,3,,False,2026-05-25 11:33:00+00:00,0,False,B202605251133,S008,G202605251130
2026-05-25 11:42:00,Kamonyi. EP Rwishwima. Near the toilets. Rain water tank,Source (untreated),0.0,False,,E1,2026-05-26 15:39:10,UTC+02:00 Central Africa Time (Rwanda),,"['50045', '50065']",0.0,3,,False,2026-05-25 11:42:00+00:00,0,False,B202605251142,S009,G202605251142
2026-05-25 11:45:00,Kamonyi. EP Rwishwima. Near the toilets. Rain water tank,Source (untreated),0.0,False,,E1,2026-05-26 15:40:11,UTC+02:00 Central Africa Time (Rwanda),,"['50045', '50065']",0.0,3,,False,2026-05-25 11:45:00+00:00,0,False,B202605251145,S009,G202605251142
2026-05-26 09:43:00,LSC15197,Treated,3.0,False,,E1,2026-05-27 16:38:58,UTC+02:00 Central Africa Time (Rwanda),,"['50045', '50065']",3.0,4,,False,2026-05-26 09:43:00+00:00,0,False,B202605260943,S010,G202605260943
2026-05-26 09:51:00,LSC11394,Treated,0.0,False,,E1,2026-05-27 16:40:32,UTC+02:00 Central Africa Time (Rwanda),,"['50045', '50065']",0.0,4,,False,2026-05-26 09:51:00+00:00,0,False,B202605260951,S011,G202605260951
2026-05-26 10:00:00,LSC15145,Treated,0.0,False,,E1,2026-05-27 16:41:51,UTC+02:00 Central Africa Time (Rwanda),,"['50045', '50065']",0.0,4,,False,2026-05-26 10:00:00+00:00,0,False,B202605261000,S012,G202605261000
2026-05-26 10:17:00,LSC11379,Treated,0.0,False,,E1,2026-05-27 16:43:29,UTC+02:00 Central Africa Time (Rwanda),,"['50045', '50065']",0.0,4,,False,2026-05-26 10:17:00+00:00,0,False,B202605261017,S014,G202605261017
2026-05-26 10:07:00,LSC11391,Treated,1.0,False,,E1,2026-05-27 16:45:14,UTC+02:00 Central Africa Time (Rwanda),,"['50045', '50065']",1.0,4,,False,2026-05-26 10:07:00+00:00,0,False,B202605261007,S013,G202605261007
2026-05-26 10:52:00,Kamonyi. EP Nyakabuye. Beside P6A classroom. Rain water tank,Source (untreated),0.0,False,,E1,2026-05-27 16:47:05,UTC+02:00 Central Africa Time (Rwanda),,"['50045', '50065']",0.0,4,,False,2026-05-26 10:52:00+00:00,0,False,B202605261052,S017,G202605261052
2026-05-26 10:54:00,Kamonyi. EP Nyakabuye. Beside P6A classroom. Rain water tank,Source (untreated),0.0,False,,E1,2026-05-27 16:48:24,UTC+02:00 Central Africa Time (Rwanda),,"['50045', '50065']",0.0,4,,False,2026-05-26 10:54:00+00:00,0,False,B202605261054,S017,G202605261052
2026-05-26 10:44:00,Kamonyi. EP Nyakabuye. Beside P6A classroom. Rain water tank,Source (untreated),33.0,False,,E1,2026-05-27 16:49:46,UTC+02:00 Central Africa Time (Rwanda),,"['50045', '50065']",33.0,4,,False,2026-05-26 10:44:00+00:00,0,False,B202605261044,S016,G202605261044
2026-05-26 10:46:00,Kamonyi. EP Nyakabuye. Beside P6A classroom. Rain water tank,Source (untreated),33.0,False,,E1,2026-05-27 16:51:14,UTC+02:00 Central Africa Time (Rwanda),,"['50045', '50065']",33.0,4,,False,2026-05-26 10:46:00+00:00,0,False,B202605261046,S016,G202605261044
2026-05-27 08:36:00,LSC11525,Treated,0.0,False,,E1,2026-05-28 10:40:41,UTC+02:00 Central Africa Time (Rwanda),,"['50045', '50065']",0.0,5,,False,2026-05-27 08:36:00+00:00,0,False,B202605270836,S018,G202605270836
2026-05-27 08:45:00,LSC11517,Treated,0.0,False,,E1,2026-05-28 10:45:09,UTC+02:00 Central Africa Time (Rwanda),,"['50045', '50065']",0.0,5,,False,2026-05-27 08:45:00+00:00,0,False,B202605270845,S019,G202605270845
2026-05-27 08:53:00,LSC15487,Treated,0.0,False,,E1,2026-05-28 10:46:51,UTC+02:00 Central Africa Time (Rwanda),,"['50045', '50065']",0.0,5,,False,2026-05-27 08:53:00+00:00,0,False,B202605270853,S020,G202605270853
2026-05-27 09:03:00,LSC15484,Treated,0.0,False,,E1,2026-05-28 10:48:12,UTC+02:00 Central Africa Time (Rwanda),,"['50045', '50065']",0.0,5,,False,2026-05-27 09:03:00+00:00,0,False,B202605270903,S021,G202605270903
2026-05-27 09:20:00,LSC11469,Treated,0.0,False,,E1,2026-05-28 10:49:32,UTC+02:00 Central Africa Time (Rwanda),,"['50045', '50065']",0.0,5,,False,2026-05-27 09:20:00+00:00,0,False,B202605270920,S023,G202605270920
2026-05-27 09:30:00,LSC11558,Treated,0.0,False,,E1,2026-05-28 10:51:16,UTC+02:00 Central Africa Time (Rwanda),,"['50045', '50065']",0.0,5,,False,2026-05-27 09:30:00+00:00,0,False,B202605270930,S024,G202605270930
2026-05-27 09:39:00,Kamonyi. EP Nyakabungo. Near new kitchen. Spring water tap,Source (untreated),0.0,False,,E1,2026-05-28 10:58:25,UTC+02:00 Central Africa Time (Rwanda),,"['50045', '50065']",0.0,5,,False,2026-05-27 09:39:00+00:00,0,False,B202605270939,S025,G202605270939
2026-05-27 09:54:00,Kamonyi. EP Nyakabungo. Behind P3A classroom. Rain water tank,Source (untreated),0.0,False,,E1,2026-05-28 11:01:09,UTC+02:00 Central Africa Time (Rwanda),,"['50045', '50065']",0.0,5,,False,2026-05-27 09:54:00+00:00,0,False,B202605270954,S026,G202605270954
2026-05-28 08:14:00,Fake.Kicukiro.Amazi Meza warehouse.Kagina. Spring water,Source (untreated),0.0,False,,E1,2026-05-29 07:53:22,UTC+02:00 Central Africa Time (Rwanda),,"['50045', '50065']",0.0,6,,False,2026-05-28 08:14:00+00:00,0,False,B202605280814,S027,G202605280814
2026-05-28 09:03:00,Fake.Kicukiro. Amazi Meza warehouse.Kanengwa. Spring water,Source (untreated),0.0,False,,E1,2026-05-29 07:55:36,UTC+02:00 Central Africa Time (Rwanda),,"['50045', '50065']",0.0,6,,False,2026-05-28 09:03:00+00:00,0,False,B202605280903,S029,G202605280903
2026-05-28 09:11:00,Fake.Kicukiro.Amazi Meza warehouse.Iriba.Spring water,Source (untreated),5.0,False,,E1,2026-05-29 07:57:31,UTC+02:00 Central Africa Time (Rwanda),,"['50045', '50065']",5.0,6,,False,2026-05-28 09:11:00+00:00,0,False,B202605280911,S030,G202605280911
2026-05-28 09:52:00,Fake.Kicukiro.Amazi Meza warehouse.Inindi House.Rainwater tank,Source (untreated),0.0,False,,E1,2026-05-29 07:58:24,UTC+02:00 Central Africa Time (Rwanda),,"['50045', '50065']",0.0,6,,False,2026-05-28 09:52:00+00:00,0,False,B202605280952,S031,G202605280952
2026-05-29 08:43:00,Fake.Kicukiro.Amazi Meza warehouse.Nyirakanamba I.Water Stream,Source (untreated),100.0,True,,E1,2026-05-30 17:37:07,UTC+02:00 Central Africa Time (Rwanda),UTC+02:00 Central Africa Time (Rwanda),"['50045', '50065']",100.0,7,UTC+02:00 Central Africa Time (Rwanda),False,2026-05-29 08:43:00+00:00,0,True,B202605290843,S032,G202605290843
2026-05-29 08:54:00,Fake.Kicukiro.Amazi Meza wahehouse.Nyirakanamba II. Water pipe,Source (untreated),100.0,True,,E1,2026-05-30 17:38:05,UTC+02:00 Central Africa Time (Rwanda),UTC+02:00 Central Africa Time (Rwanda),"['50045', '50065']",100.0,7,UTC+02:00 Central Africa Time (Rwanda),False,2026-05-29 08:54:00+00:00,0,True,B202605290854,S033,G202605290854
2026-05-29 09:01:00,Fake.Kicukiro.Amazi Meza wahehouse.Nyirakanamba II. Water pipe,Source (untreated),100.0,True,,E1,2026-05-30 17:38:59,UTC+02:00 Central Africa Time (Rwanda),UTC+02:00 Central Africa Time (Rwanda),"['50045', '50065']",100.0,7,UTC+02:00 Central Africa Time (Rwanda),False,2026-05-29 09:01:00+00:00,0,True,B202605290901,S034,G202605290901
2026-05-29 09:28:00,Fake.Kicukiro.Amazi Meza warehouse.Kabeza.Stream Water,Source (untreated),100.0,True,,E1,2026-05-30 17:40:10,UTC+02:00 Central Africa Time (Rwanda),UTC+02:00 Central Africa Time (Rwanda),"['50045', '50065']",100.0,7,UTC+02:00 Central Africa Time (Rwanda),False,2026-05-29 09:28:00+00:00,0,True,B202605290928,S035,G202605290928
2026-05-29 09:36:00,Fake.Kicukiro.Amazi Meza warehouse.Kabeza.Stream Water,Source (untreated),100.0,True,,E1,2026-05-30 17:41:13,UTC+02:00 Central Africa Time (Rwanda),UTC+02:00 Central Africa Time (Rwanda),"['50045', '50065']",100.0,7,UTC+02:00 Central Africa Time (Rwanda),False,2026-05-29 09:36:00+00:00,0,True,B202605290936,S036,G202605290936
2026-05-29 09:48:00,Fake.Kicukiro.Amazi Meza warehouse.Sahara.Stream water,Source (untreated),100.0,True,,E1,2026-05-30 17:42:27,UTC+02:00 Central Africa Time (Rwanda),UTC+02:00 Central Africa Time (Rwanda),"['50045', '50065']",100.0,7,UTC+02:00 Central Africa Time (Rwanda),False,2026-05-29 09:48:00+00:00,0,True,B202605290948,S037,G202605290948
2026-05-30 12:05:00,Fake.Kicukiro.Amazi Meza wahehouse.Nyirakanamba II. Water pipe,Source (untreated),100.0,True,,E1,2026-06-02 14:20:55,UTC+02:00 Central Africa Time (Rwanda),UTC+03:00 East Africa Time (Kenya),"['50045', '50065']",100.0,8,UTC+03:00 East Africa Time (Kenya),False,2026-05-30 13:05:00+00:00,60,True,B202605301205,S041,G202605301205
2026-05-30 12:21:00,Fake.Kicukiro.Amazi Meza warehouse.Nyirakanamba I.Water Stream,Source (untreated),100.0,True,,E1,2026-06-02 14:22:47,UTC+02:00 Central Africa Time (Rwanda),UTC+03:00 East Africa Time (Kenya),"['50045', '50065']",100.0,8,UTC+03:00 East Africa Time (Kenya),False,2026-05-30 13:21:00+00:00,60,True,B202605301221,S042,G202605301221
2026-05-30 12:28:00,Fake.Kicukiro.Amazi Meza warehouse.Nyirakanamba I.Water Stream,Source (untreated),100.0,True,,E1,2026-06-02 14:24:03,UTC+02:00 Central Africa Time (Rwanda),UTC+03:00 East Africa Time (Kenya),"['50045', '50065']",100.0,8,UTC+03:00 East Africa Time (Kenya),False,2026-05-30 13:28:00+00:00,60,True,B202605301228,S043,G202605301228
2026-05-30 13:12:00,Fake.Kicukiro.Amazi Meza warehouse.Kabeza.Stream Water,Source (untreated),100.0,True,,E1,2026-06-02 14:27:19,UTC+02:00 Central Africa Time (Rwanda),UTC+03:00 East Africa Time (Kenya),"['50045', '50065']",100.0,8,UTC+03:00 East Africa Time (Kenya),False,2026-05-30 14:12:00+00:00,60,True,B202605301312,,
2026-05-30 13:04:00,Fake.Kicukiro.Amazi Meza warehouse.Kabeza.Stream Water,Source (untreated),100.0,True,,E1,2026-06-02 14:28:21,UTC+02:00 Central Africa Time (Rwanda),UTC+03:00 East Africa Time (Kenya),"['50045', '50065']",100.0,8,UTC+03:00 East Africa Time (Kenya),False,2026-05-30 14:04:00+00:00,60,True,B202605301304,,G202605301304
2026-05-30 13:26:00,Fake.Kicukiro.Amazi Meza warehouse.Sahara.Stream water,Source (untreated),100.0,True,,E1,2026-06-02 14:30:18,UTC+02:00 Central Africa Time (Rwanda),UTC+03:00 East Africa Time (Kenya),"['50045', '50065']",100.0,8,UTC+03:00 East Africa Time (Kenya),False,2026-05-30 14:26:00+00:00,60,True,B202605301326,S044,G202605301326
2026-05-30 13:33:00,Fake.Kicukiro.Amazi Meza warehouse.Sahara.Stream water,Source (untreated),100.0,True,,E1,2026-06-02 14:31:09,UTC+02:00 Central Africa Time (Rwanda),,"['50045', '50065']",100.0,8,UTC+03:00 East Africa Time (Kenya),True,2026-05-30 14:33:00+00:00,60,True,B202605301333,S045,G202605301333
2026-06-02 10:35:00,,Source (untreated),100.0,True,0,E1,2026-06-06 08:16:14,UTC+03:00 East Africa Time (Kenya),UTC+03:00 East Africa Time (Kenya),['50065'],100.0,9,UTC+03:00 East Africa Time (Kenya),False,2026-06-02 10:35:00+00:00,0,True,B202606021035,S060,G202606021035
2026-06-03 10:25:00,,Source (untreated),100.0,True,0,E1,2026-06-06 08:19:06,UTC+03:00 East Africa Time (Kenya),UTC+03:00 East Africa Time (Kenya),['50053'],100.0,9,UTC+03:00 East Africa Time (Kenya),False,2026-06-03 10:25:00+00:00,0,True,B202606031025,,
2026-06-04 08:45:00,,Treated,0.0,False,0.2,E1,2026-06-06 08:20:23,UTC+03:00 East Africa Time (Kenya),UTC+03:00 East Africa Time (Kenya),"['50053', '50065']",0.0,9,UTC+03:00 East Africa Time (Kenya),False,2026-06-04 08:45:00+00:00,0,False,B202606040845,S067,G202606040845
2026-06-04 09:02:00,,Treated,0.0,False,0.2,E1,2026-06-06 08:21:28,UTC+03:00 East Africa Time (Kenya),UTC+03:00 East Africa Time (Kenya),"['50053', '50065']",0.0,9,UTC+03:00 East Africa Time (Kenya),False,2026-06-04 09:02:00+00:00,0,False,B202606040902,S068,G202606040902
2026-06-04 09:54:00,,Source (untreated),100.0,True,0,E1,2026-06-06 08:23:21,UTC+03:00 East Africa Time (Kenya),UTC+03:00 East Africa Time (Kenya),"['50053', '50065']",100.0,9,UTC+03:00 East Africa Time (Kenya),False,2026-06-04 09:54:00+00:00,0,True,B202606040954,S069,G202606040954
2026-06-04 09:56:00,,Source (untreated),100.0,True,0,E1,2026-06-06 08:24:16,UTC+03:00 East Africa Time (Kenya),UTC+03:00 East Africa Time (Kenya),['50065'],100.0,9,UTC+03:00 East Africa Time (Kenya),False,2026-06-04 09:56:00+00:00,0,True,B202606040956,S069,G202606040954
2026-06-04 09:58:00,,Source (untreated),100.0,True,0,E1,2026-06-06 08:25:03,UTC+03:00 East Africa Time (Kenya),UTC+03:00 East Africa Time (Kenya),['50065'],100.0,9,UTC+03:00 East Africa Time (Kenya),False,2026-06-04 09:58:00+00:00,0,True,B202606040958,S069,G202606040954
2026-06-02 07:48:00,Turkana.Loima.Turkwel.Lorgum.100m near church.Concrete fixed public stand Tap 2,Treated,0.0,False,0.25,E1,2026-06-10 19:13:56,UTC+03:00 East Africa Time (Kenya),UTC+03:00 East Africa Time (Kenya),['50065'],0.0,10,UTC+03:00 East Africa Time (Kenya),False,2026-06-02 07:48:00+00:00,0,False,B202606020748,S052,G202606020748
2026-06-02 08:00:00,Turkana.Loima.Turkwel.Lorgum.100m near church.Concrete fixed public stand Tap 2,Treated,0.0,False,0.25,E1,2026-06-10 19:15:43,UTC+03:00 East Africa Time (Kenya),UTC+03:00 East Africa Time (Kenya),['50065'],0.0,10,UTC+03:00 East Africa Time (Kenya),False,2026-06-02 08:00:00+00:00,0,False,B202606020800,S053,G202606020800
2026-06-02 08:18:00,Turkana.Loima.Turkwel.Lorgum.Aqutab inline chlorine unit,Treated,0.0,False,25,E1,2026-06-10 19:17:16,UTC+03:00 East Africa Time (Kenya),UTC+03:00 East Africa Time (Kenya),['50065'],0.0,10,UTC+03:00 East Africa Time (Kenya),False,2026-06-02 08:18:00+00:00,0,False,B202606020818,S054,G202606020818
2026-06-02 08:43:00,,Treated,0.0,False,0,E1,2026-06-10 19:18:29,UTC+03:00 East Africa Time (Kenya),UTC+03:00 East Africa Time (Kenya),['50065'],0.0,10,UTC+03:00 East Africa Time (Kenya),False,2026-06-02 08:43:00+00:00,0,False,B202606020843,S055,G202606020843
2026-06-02 09:04:00,Turkana.Loima.Turkwel.Lorgum.East of treatement.Concrete fixed Public Stand Tap 4,Treated,0.0,False,0.25,E1,2026-06-10 19:19:43,UTC+03:00 East Africa Time (Kenya),UTC+03:00 East Africa Time (Kenya),['50065'],0.0,10,UTC+03:00 East Africa Time (Kenya),False,2026-06-02 09:04:00+00:00,0,False,B202606020904,S056,G202606020904
2026-06-02 09:16:00,Turkana.Loima.Turkwel.Lorgum.Nearest to 32m3 steel tank.Concrete fixed Public Stand Tap 1,Treated,0.0,False,0.25,E1,2026-06-10 19:20:47,UTC+03:00 East Africa Time (Kenya),UTC+03:00 East Africa Time (Kenya),['50065'],0.0,10,UTC+03:00 East Africa Time (Kenya),False,2026-06-02 09:16:00+00:00,0,False,B202606020916,S057,G202606020916
2026-06-02 10:16:00,Turkana.Loima.Turkwel.Lorgum.Behind grass roof house.Concrete fixed Public Stand Tap 3,Treated,0.0,False,0.25,E1,2026-06-10 19:21:49,UTC+03:00 East Africa Time (Kenya),UTC+03:00 East Africa Time (Kenya),['50065'],0.0,10,UTC+03:00 East Africa Time (Kenya),False,2026-06-02 10:16:00+00:00,0,False,B202606021016,S058,G202606021016
2026-06-02 10:28:00,Turkana.Loima.Turkwel.Lorgum.100m near church.Concrete fixed public stand Tap 2,Treated,0.0,False,0.25,E1,2026-06-10 19:22:55,UTC+03:00 East Africa Time (Kenya),UTC+03:00 East Africa Time (Kenya),['50065'],0.0,10,UTC+03:00 East Africa Time (Kenya),False,2026-06-02 10:28:00+00:00,0,False,B202606021028,S059,G202606021028
2026-06-02 10:30:00,Turkana.Loima.Turkwel.Lorgum.100m near church.Concrete fixed public stand Tap 2,Treated,0.0,False,0.25,E1,2026-06-10 19:24:21,UTC+03:00 East Africa Time (Kenya),UTC+03:00 East Africa Time (Kenya),['50065'],0.0,10,UTC+03:00 East Africa Time (Kenya),False,2026-06-02 10:30:00+00:00,0,False,B202606021030,S059,G202606021028
2026-06-03 08:43:00,Turkana.Turkana West.Kakuma.Nakoyo.100m from the Tank.Public Stand Tap 2,Treated,0.0,False,0.5,E1,2026-06-10 19:25:23,UTC+03:00 East Africa Time (Kenya),UTC+03:00 East Africa Time (Kenya),"['50053', '50065']",0.0,10,UTC+03:00 East Africa Time (Kenya),False,2026-06-03 08:43:00+00:00,0,False,B202606030843,S062,G202606030843
2026-06-03 08:46:00,Turkana.Turkana West.Kakuma.Nakoyo.100m from the Tank.Public Stand Tap 2,Treated,0.0,False,0.5,E1,2026-06-10 19:26:32,UTC+03:00 East Africa Time (Kenya),UTC+03:00 East Africa Time (Kenya),"['50053', '50065']",0.0,10,UTC+03:00 East Africa Time (Kenya),False,2026-06-03 08:46:00+00:00,0,False,B202606030846,S062,G202606030843
2026-06-03 09:11:00,Turkana.Turkana West.Kakuma.Nakoyo.500m East.Public Stand Tap 3,Treated,0.0,False,0.25,E1,2026-06-10 19:27:32,UTC+03:00 East Africa Time (Kenya),UTC+03:00 East Africa Time (Kenya),"['50053', '50065']",0.0,10,UTC+03:00 East Africa Time (Kenya),False,2026-06-03 09:11:00+00:00,0,False,B202606030911,,G202606030911
2026-06-03 09:14:00,Turkana.Turkana West.Kakuma.Nakoyo.500m East.Public Stand Tap 3,Treated,0.0,False,0.25,E1,2026-06-10 19:28:23,UTC+03:00 East Africa Time (Kenya),UTC+03:00 East Africa Time (Kenya),"['50053', '50065']",0.0,10,UTC+03:00 East Africa Time (Kenya),False,2026-06-03 09:14:00+00:00,0,False,B202606030914,,G202606030911
2026-06-03 09:31:00,Turkana.Turkana West. Kakuma.Nakoyo.Adjacent to 5m3 PVC tank.Public Tap Stand 4,Treated,0.0,False,0.2,E1,2026-06-10 19:29:25,UTC+03:00 East Africa Time (Kenya),UTC+03:00 East Africa Time (Kenya),"['50053', '50065']",0.0,10,UTC+03:00 East Africa Time (Kenya),False,2026-06-03 09:31:00+00:00,0,False,B202606030931,S063,G202606030931
2026-06-03 09:33:00,Turkana.Turkana West. Kakuma.Nakoyo.Adjacent to 5m3 PVC tank.Public Tap Stand 4,Treated,0.0,False,0.2,E1,2026-06-10 19:30:11,UTC+03:00 East Africa Time (Kenya),UTC+03:00 East Africa Time (Kenya),"['50053', '50065']",0.0,10,UTC+03:00 East Africa Time (Kenya),False,2026-06-03 09:33:00+00:00,0,False,B202606030933,S063,G202606030931
2026-06-03 09:58:00,Turkana.Turkana West.Kakuma.Nakoyo.Public Stand Tap 6,Treated,0.0,False,2,E1,2026-06-10 19:31:02,UTC+03:00 East Africa Time (Kenya),UTC+03:00 East Africa Time (Kenya),"['50053', '50065']",0.0,10,UTC+03:00 East Africa Time (Kenya),False,2026-06-03 09:58:00+00:00,0,False,B202606030958,,G202606030958
2026-06-04 08:11:00,Turkana.Turkana South. Lokichar. Kimabur.Kimabur school.Public Stand Tap 1,Treated,0.0,False,0.3,E1,2026-06-10 19:33:13,UTC+03:00 East Africa Time (Kenya),UTC+03:00 East Africa Time (Kenya),"['50053', '50065']",0.0,10,UTC+03:00 East Africa Time (Kenya),False,2026-06-04 08:11:00+00:00,0,False,B202606040811,S064,G202606040811
2026-06-04 08:27:00,Turkana.Turkana South.Lokichar.Kimabur.Concrete fixed Public Stand Tap 3,Treated,0.0,False,0.1,E1,2026-06-10 19:34:45,UTC+03:00 East Africa Time (Kenya),UTC+03:00 East Africa Time (Kenya),"['50053', '50065']",0.0,10,UTC+03:00 East Africa Time (Kenya),False,2026-06-04 08:27:00+00:00,0,False,B202606040827,S065,G202606040827
2026-06-04 08:13:00,Turkana.Turkana South. Lokichar. Kimabur.Kimabur school.Public Stand Tap 1,Treated,0.0,False,0.3,E1,2026-06-10 19:35:38,UTC+03:00 East Africa Time (Kenya),UTC+03:00 East Africa Time (Kenya),"['50053', '50065']",0.0,10,UTC+03:00 East Africa Time (Kenya),False,2026-06-04 08:13:00+00:00,0,False,B202606040813,S064,G202606040811
2026-06-04 08:29:00,Turkana.Turkana South.Lokichar.Kimabur.Concrete fixed Public Stand Tap 3,Treated,0.0,False,0.1,E1,2026-06-10 19:36:29,UTC+03:00 East Africa Time (Kenya),UTC+03:00 East Africa Time (Kenya),"['50053', '50065']",0.0,10,UTC+03:00 East Africa Time (Kenya),False,2026-06-04 08:29:00+00:00,0,False,B202606040829,S065,G202606040827
2026-06-04 08:33:00,Turkana.Turkana South.Lokichar.Kimabur.Concrete fixed Public Stand Tap 3,Treated,0.0,False,0.1,E1,2026-06-10 19:37:12,UTC+03:00 East Africa Time (Kenya),UTC+03:00 East Africa Time (Kenya),"['50053', '50065']",0.0,10,UTC+03:00 East Africa Time (Kenya),False,2026-06-04 08:33:00+00:00,0,False,B202606040833,S066,G202606040833
2026-06-09 06:54:00,Isiolo.Isiolo.Ngaremara.Kona (Ngalabilabia).KonaBorehole,Source (untreated),0.0,False,0,E1,2026-06-10 19:39:23,UTC+03:00 East Africa Time (Kenya),UTC+03:00 East Africa Time (Kenya),"['50053', '50065']",0.0,10,UTC+03:00 East Africa Time (Kenya),False,2026-06-09 06:54:00+00:00,0,False,B202606090654,S070,G202606090654
2026-06-09 06:56:00,Isiolo.Isiolo.Ngaremara.Kona (Ngalabilabia).KonaBorehole,Source (untreated),0.0,False,0,E1,2026-06-10 19:40:18,UTC+03:00 East Africa Time (Kenya),UTC+03:00 East Africa Time (Kenya),"['50053', '50065']",0.0,10,UTC+03:00 East Africa Time (Kenya),False,2026-06-09 06:56:00+00:00,0,False,B202606090656,S070,G202606090654
2026-06-09 06:59:00,Isiolo.Isiolo.Ngaremara.Kona (Ngalabilabia).KonaBorehole,Source (untreated),0.0,False,0,E1,2026-06-10 19:41:22,UTC+03:00 East Africa Time (Kenya),UTC+03:00 East Africa Time (Kenya),"['50053', '50065']",0.0,10,UTC+03:00 East Africa Time (Kenya),False,2026-06-09 06:59:00+00:00,0,False,B202606090659,S070,G202606090654
2026-06-09 07:01:00,Isiolo.Isiolo.Ngaremara.Kona (Ngalabilabia).KonaBorehole,Source (untreated),0.0,False,0,E1,2026-06-10 19:42:23,UTC+03:00 East Africa Time (Kenya),UTC+03:00 East Africa Time (Kenya),"['50053', '50065']",0.0,10,UTC+03:00 East Africa Time (Kenya),False,2026-06-09 07:01:00+00:00,0,False,B202606090701,S070,G202606090654
2026-06-09 07:04:00,Isiolo.Isiolo.Ngaremara.Kona (Ngalabilabia).KonaBorehole,Source (untreated),0.0,False,0,E1,2026-06-10 19:43:10,UTC+03:00 East Africa Time (Kenya),UTC+03:00 East Africa Time (Kenya),"['50053', '50065']",0.0,10,UTC+03:00 East Africa Time (Kenya),False,2026-06-09 07:04:00+00:00,0,False,B202606090704,S070,G202606090654
2026-06-09 07:20:00,Isiolo.Isiolo.Ngaremara.Kona(Ngalabilabia).NearestToBorehole.KonaWaterKiosk,Treated,1.0,False,0,E1,2026-06-10 19:44:47,UTC+03:00 East Africa Time (Kenya),UTC+03:00 East Africa Time (Kenya),"['50053', '50065']",1.0,10,UTC+03:00 East Africa Time (Kenya),False,2026-06-09 07:20:00+00:00,0,False,B202606090720,S071,G202606090720
2026-06-09 07:23:00,Isiolo.Isiolo.Ngaremara.Kona(Ngalabilabia).NearestToBorehole.KonaWaterKiosk,Treated,2.0,False,0,E1,2026-06-10 19:46:16,UTC+03:00 East Africa Time (Kenya),UTC+03:00 East Africa Time (Kenya),"['50053', '50065']",2.0,10,UTC+03:00 East Africa Time (Kenya),False,2026-06-09 07:23:00+00:00,0,False,B202606090723,S071,G202606090720
2026-06-09 07:26:00,Isiolo.Isiolo.Ngaremara.Kona(Ngalabilabia).NearestToBorehole.KonaWaterKiosk,Treated,2.0,False,0,E1,2026-06-10 19:47:09,UTC+03:00 East Africa Time (Kenya),UTC+03:00 East Africa Time (Kenya),"['50053', '50065']",2.0,10,UTC+03:00 East Africa Time (Kenya),False,2026-06-09 07:26:00+00:00,0,False,B202606090726,S071,G202606090720
2026-06-09 07:48:00,Isiolo.Isiolo.Ngaremara.Kona(Ngalabilabia).NextToSignPost.ArmartiJuuWaterKiosk,Treated,14.0,False,0,E1,2026-06-10 19:48:47,UTC+03:00 East Africa Time (Kenya),UTC+03:00 East Africa Time (Kenya),"['50053', '50065']",14.0,10,UTC+03:00 East Africa Time (Kenya),False,2026-06-09 07:48:00+00:00,0,False,B202606090748,S072,G202606090748
2026-06-09 07:51:00,Isiolo.Isiolo.Ngaremara.Kona(Ngalabilabia).NextToSignPost.ArmartiJuuWaterKiosk,Treated,5.0,False,0,E1,2026-06-10 19:49:43,UTC+03:00 East Africa Time (Kenya),UTC+03:00 East Africa Time (Kenya),"['50053', '50065']",5.0,10,UTC+03:00 East Africa Time (Kenya),False,2026-06-09 07:51:00+00:00,0,False,B202606090751,S072,G202606090748
2026-06-09 07:53:00,Isiolo.Isiolo.Ngaremara.Kona(Ngalabilabia).NextToSignPost.ArmartiJuuWaterKiosk,Treated,5.0,False,0,E1,2026-06-10 19:50:38,UTC+03:00 East Africa Time (Kenya),UTC+03:00 East Africa Time (Kenya),"['50053', '50065']",5.0,10,UTC+03:00 East Africa Time (Kenya),False,2026-06-09 07:53:00+00:00,0,False,B202606090753,S072,G202606090748
2026-06-09 08:28:00,Isiolo.Isiolo.Ngaremara.Near50m3ElevatedSteelTank.ZebraCenterWaterKiosk,Treated,0.0,False,0,E1,2026-06-10 19:53:09,UTC+03:00 East Africa Time (Kenya),UTC+03:00 East Africa Time (Kenya),"['50053', '50065']",0.0,10,UTC+03:00 East Africa Time (Kenya),False,2026-06-09 08:28:00+00:00,0,False,B202606090828,S073,G202606090828
2026-06-09 08:30:00,Isiolo.Isiolo.Ngaremara.Near50m3ElevatedSteelTank.ZebraCenterWaterKiosk,Treated,0.0,False,0,E1,2026-06-10 19:54:14,UTC+03:00 East Africa Time (Kenya),UTC+03:00 East Africa Time (Kenya),"['50053', '50065']",0.0,10,UTC+03:00 East Africa Time (Kenya),False,2026-06-09 08:30:00+00:00,0,False,B202606090830,S073,G202606090828
2026-06-09 08:33:00,Isiolo.Isiolo.Ngaremara.Near50m3ElevatedSteelTank.ZebraCenterWaterKiosk,Treated,0.0,False,0,E1,2026-06-10 19:55:03,UTC+03:00 East Africa Time (Kenya),UTC+03:00 East Africa Time (Kenya),"['50053', '50065']",0.0,10,UTC+03:00 East Africa Time (Kenya),False,2026-06-09 08:33:00+00:00,0,False,B202606090833,S073,G202606090828
2026-06-09 08:45:00,,Treated,1.0,False,0,E1,2026-06-10 20:00:31,UTC+03:00 East Africa Time (Kenya),UTC+03:00 East Africa Time (Kenya),"['50053', '50065']",1.0,10,UTC+03:00 East Africa Time (Kenya),False,2026-06-09 08:45:00+00:00,0,False,B202606090845,S074,G202606090845
2026-06-09 08:48:00,,Treated,0.0,False,0,E1,2026-06-10 20:01:22,UTC+03:00 East Africa Time (Kenya),UTC+03:00 East Africa Time (Kenya),"['50053', '50065']",0.0,10,UTC+03:00 East Africa Time (Kenya),False,2026-06-09 08:48:00+00:00,0,False,B202606090848,S074,G202606090845
2026-06-10 07:26:00,,Source (untreated),0.0,False,0,E1,2026-06-11 17:53:59,UTC+03:00 East Africa Time (Kenya),UTC+03:00 East Africa Time (Kenya),"['50053', '50065']",0.0,11,UTC+03:00 East Africa Time (Kenya),False,2026-06-10 07:26:00+00:00,0,False,B202606100726,S075,G202606100726
2026-06-10 07:30:00,,Source (untreated),0.0,False,0,E1,2026-06-11 17:55:06,UTC+03:00 East Africa Time (Kenya),UTC+03:00 East Africa Time (Kenya),"['50053', '50065']",0.0,11,UTC+03:00 East Africa Time (Kenya),False,2026-06-10 07:30:00+00:00,0,False,B202606100730,S075,G202606100726
2026-06-10 07:53:00,Isiolo.Isiolo.Ngaremara.Nasuroi.NearestToFarm.WaterKiosk2,Source (untreated),14.0,False,0,E1,2026-06-11 17:57:02,UTC+03:00 East Africa Time (Kenya),UTC+03:00 East Africa Time (Kenya),"['50053', '50065']",14.0,11,UTC+03:00 East Africa Time (Kenya),False,2026-06-10 07:53:00+00:00,0,False,B202606100753,S076,G202606100753
2026-06-10 07:57:00,Isiolo.Isiolo.Ngaremara.Nasuroi.NearestToFarm.WaterKiosk2,Source (untreated),48.0,False,0,E1,2026-06-11 17:58:12,UTC+03:00 East Africa Time (Kenya),UTC+03:00 East Africa Time (Kenya),"['50053', '50065']",48.0,11,UTC+03:00 East Africa Time (Kenya),False,2026-06-10 07:57:00+00:00,0,False,B202606100757,S076,G202606100753
2026-06-10 10:45:00,Isiolo.Isiolo.Ngaremara.Nasuroi.ClaraChlorinationSystem,Treated,0.0,False,0.5,E1,2026-06-11 18:00:00,UTC+03:00 East Africa Time (Kenya),UTC+03:00 East Africa Time (Kenya),"['50053', '50065']",0.0,11,UTC+03:00 East Africa Time (Kenya),False,2026-06-10 10:45:00+00:00,0,False,B202606101045,S078,G202606101045
2026-06-10 10:50:00,Isiolo.Isiolo.Ngaremara.Nasuroi.ClaraChlorinationSystem,Treated,0.0,False,0.5,E1,2026-06-11 18:00:56,UTC+03:00 East Africa Time (Kenya),UTC+03:00 East Africa Time (Kenya),"['50053', '50065']",0.0,11,UTC+03:00 East Africa Time (Kenya),False,2026-06-10 10:50:00+00:00,0,False,B202606101050,S078,G202606101045
2026-06-10 11:10:00,Isiolo.Isiolo.Ngaremara.Nasuroi.NasuroiBorehole,Source (untreated),0.0,False,0,E1,2026-06-11 18:02:34,UTC+03:00 East Africa Time (Kenya),UTC+03:00 East Africa Time (Kenya),"['50053', '50065']",0.0,11,UTC+03:00 East Africa Time (Kenya),False,2026-06-10 11:10:00+00:00,0,False,B202606101110,S079,G202606101110
2026-06-10 11:13:00,Isiolo.Isiolo.Ngaremara.Nasuroi.NasuroiBorehole,Source (untreated),0.0,False,0,E1,2026-06-11 18:04:20,UTC+03:00 East Africa Time (Kenya),UTC+03:00 East Africa Time (Kenya),"['50053', '50065']",0.0,11,UTC+03:00 East Africa Time (Kenya),False,2026-06-10 11:13:00+00:00,0,False,B202606101113,S079,G202606101110
2026-06-10 11:22:00,,Treated,0.0,False,0.2,E1,2026-06-11 18:06:44,UTC+03:00 East Africa Time (Kenya),UTC+03:00 East Africa Time (Kenya),"['50053', '50065']",0.0,11,UTC+03:00 East Africa Time (Kenya),False,2026-06-10 11:22:00+00:00,0,False,B202606101122,S080,G202606101122
2026-06-10 11:25:00,,Treated,0.0,False,0.2,E1,2026-06-11 18:08:03,UTC+03:00 East Africa Time (Kenya),UTC+03:00 East Africa Time (Kenya),"['50053', '50065']",0.0,11,UTC+03:00 East Africa Time (Kenya),False,2026-06-10 11:25:00+00:00,0,False,B202606101125,S080,G202606101122
2026-06-10 09:32:00,,Source (untreated),1.0,False,0,E1,2026-06-11 18:10:14,UTC+03:00 East Africa Time (Kenya),UTC+03:00 East Africa Time (Kenya),"['50053', '50065']",1.0,11,UTC+03:00 East Africa Time (Kenya),False,2026-06-10 09:32:00+00:00,0,False,B202606100932,S077,G202606100932
2026-06-10 09:37:00,,Source (untreated),0.0,False,0,E1,2026-06-11 18:11:04,UTC+03:00 East Africa Time (Kenya),UTC+03:00 East Africa Time (Kenya),"['50053', '50065']",0.0,11,UTC+03:00 East Africa Time (Kenya),False,2026-06-10 09:37:00+00:00,0,False,B202606100937,S077,G202606100932
2026-06-11 08:22:00,Isiolo.Garbatulla.Kulamawe 1 (police station).Borehole,Source (untreated),0.0,False,0,E1,2026-06-13 14:48:34,UTC+03:00 East Africa Time (Kenya),UTC+03:00 East Africa Time (Kenya),"['50053', '50065']",0.0,12,UTC+03:00 East Africa Time (Kenya),False,2026-06-11 08:22:00+00:00,0,False,B202606110822,S081,G202606110822
2026-06-11 08:29:00,Isiolo.Garbatulla.Kulamawe 1 (police station).Borehole,Source (untreated),0.0,False,0,E1,2026-06-13 14:49:30,UTC+03:00 East Africa Time (Kenya),UTC+03:00 East Africa Time (Kenya),"['50053', '50065']",0.0,12,UTC+03:00 East Africa Time (Kenya),False,2026-06-11 08:29:00+00:00,0,False,B202606110829,S082,G202606110829
2026-06-11 08:32:00,Isiolo.Garbatulla.Kulamawe 1 (police station).Borehole,Source (untreated),0.0,False,0,E1,2026-06-13 14:50:37,UTC+03:00 East Africa Time (Kenya),UTC+03:00 East Africa Time (Kenya),"['50053', '50065']",0.0,12,UTC+03:00 East Africa Time (Kenya),False,2026-06-11 08:32:00+00:00,0,False,B202606110832,S082,G202606110829
2026-06-11 09:14:00,Isiolo.Garbatula.Kinna.Kulamawe1 (Police station).Near Old Livestock troughts.Stand tap 1,Treated,0.0,False,2,E1,2026-06-13 14:52:07,UTC+03:00 East Africa Time (Kenya),UTC+03:00 East Africa Time (Kenya),"['50052', '50065']",0.0,12,UTC+03:00 East Africa Time (Kenya),False,2026-06-11 09:14:00+00:00,0,False,B202606110914,S084,G202606110914
2026-06-11 09:16:00,Isiolo.Garbatula.Kinna.Kulamawe1 (Police station).Near Old Livestock troughts.Stand tap 1,Treated,0.0,False,2,E1,2026-06-13 14:53:10,UTC+03:00 East Africa Time (Kenya),UTC+03:00 East Africa Time (Kenya),"['50053', '50065']",0.0,12,UTC+03:00 East Africa Time (Kenya),False,2026-06-11 09:16:00+00:00,0,False,B202606110916,S084,G202606110914
2026-06-11 08:50:00,Isiolo.Garbatula.Kinna.Kulamawe1 (Police station).Near Old Livestock troughts.Stand tap 1,Source (untreated),2.0,False,0,E1,2026-06-13 14:57:31,UTC+03:00 East Africa Time (Kenya),UTC+03:00 East Africa Time (Kenya),"['50053', '50065']",2.0,12,UTC+03:00 East Africa Time (Kenya),False,2026-06-11 08:50:00+00:00,0,False,B202606110850,S083,G202606110850
2026-06-11 08:53:00,Isiolo.Garbatula.Kinna.Kulamawe1 (Police station).Near Old Livestock troughts.Stand tap 1,Source (untreated),1.0,False,0,E1,2026-06-13 14:58:15,UTC+03:00 East Africa Time (Kenya),UTC+03:00 East Africa Time (Kenya),"['50053', '50065']",1.0,12,UTC+03:00 East Africa Time (Kenya),False,2026-06-11 08:53:00+00:00,0,False,B202606110853,S083,G202606110850
2026-06-11 08:56:00,Isiolo.Garbatula.Kinna.Kulamawe1 (Police station).Near Old Livestock troughts.Stand tap 1,Source (untreated),2.0,False,0,E1,2026-06-13 14:59:08,UTC+03:00 East Africa Time (Kenya),UTC+03:00 East Africa Time (Kenya),"['50053', '50065']",2.0,12,UTC+03:00 East Africa Time (Kenya),False,2026-06-11 08:56:00+00:00,0,False,B202606110856,S083,G202606110850
2026-06-11 09:24:00,Isiolo.Garbatula.Kinna.Kulamawe1 (Police station).Near Old Livestock troughts.Stand tap 1,Treated,0.0,False,3,E1,2026-06-13 15:00:13,UTC+03:00 East Africa Time (Kenya),UTC+03:00 East Africa Time (Kenya),"['50053', '50065']",0.0,12,UTC+03:00 East Africa Time (Kenya),False,2026-06-11 09:24:00+00:00,0,False,B202606110924,S085,G202606110924
2026-06-11 09:29:00,Isiolo.Garbatula.Kinna.Kulamawe1 (Police station).Near Old Livestock troughts.Stand tap 1,Treated,0.0,False,3,E1,2026-06-13 15:00:57,UTC+03:00 East Africa Time (Kenya),UTC+03:00 East Africa Time (Kenya),"['50053', '50065']",0.0,12,UTC+03:00 East Africa Time (Kenya),False,2026-06-11 09:29:00+00:00,0,False,B202606110929,S085,G202606110924
