bag_id,barcode,soak_id,n_readings,mon2,tof,Tch,temp_diag,T_channel,sig,sig_T,reading_offset_min,status,site,water_type,cbt,censored,t_utc,b_T,day,baseline,baseline_day,baseline_age_days,sig_TD,sample_group
B202605251012,50045,S001,1,426.0,28.0,28.867188,30.73227,sipm_temperature,5.545177444479562,5.7358219864795625,2.7393229166666666,paired,LSC15529,Treated,0.0,False,2026-05-25 10:12:00+00:00,-0.0215,2026-05-25,5.7358219864795625,2026-05-25,0,0.0,G202605251012
B202605251012,50065,S001,3,294.0,39.0,34.662384,34.662384,temperature (board),4.820281565605037,5.135522821605037,0.00955,paired,LSC15529,Treated,0.0,False,2026-05-25 10:12:00+00:00,-0.0215,2026-05-25,5.325959592779712,2026-05-25,0,-0.1904367711746744,G202605251012
B202605251026,50045,S002,1,439.0,29.0,26.015625,27.303162,sipm_temperature,5.594711379601839,5.724047317101839,0.7349609333333333,paired,LSC11397,Treated,0.0,False,2026-05-25 10:26:00+00:00,-0.0215,2026-05-25,5.7358219864795625,2026-05-25,0,-0.011774669377723868,G202605251026
B202605251026,50065,S002,4,387.0,39.0,31.863982999999998,31.863982999999998,temperature (board),5.37989735354046,5.635363555722082,0.4542,paired,LSC11397,Treated,0.0,False,2026-05-25 10:26:00+00:00,-0.0215,2026-05-25,5.325959592779712,2026-05-25,0,0.30940396294236994,G202605251026
B202605251035,50065,S003,4,338.0,38.0,30.764984,30.764984,temperature (board),5.123963979403259,5.3554111354032585,0.4706916666666667,paired,LSC15371,Treated,0.0,False,2026-05-25 10:35:00+00:00,-0.0215,2026-05-25,5.325959592779712,2026-05-25,0,0.029451542623546878,G202605251035
B202605251045,50045,S004,1,474.0,30.0,25.164062,25.784988,sipm_temperature,5.717027701406222,5.828055034406222,-0.26601563333333333,paired,LSC11400,Treated,0.0,False,2026-05-25 10:45:00+00:00,-0.0215,2026-05-25,5.7358219864795625,2026-05-25,0,0.09223304792665932,G202605251045
B202605251045,50065,S004,4,333.0,38.0,30.0134735,30.0134735,temperature (board),5.093750200806762,5.3120711983067626,0.4623333333333333,paired,LSC11400,Treated,0.0,False,2026-05-25 10:45:00+00:00,-0.0215,2026-05-25,5.325959592779712,2026-05-25,0,-0.013888394472949095,G202605251045
B202605251107,50045,S006,1,510.0,30.0,25.28125,26.061935,sipm_temperature,5.8289456176102075,5.942492492610207,1.7380859333333334,paired,LSC15206,Treated,0.0,False,2026-05-25 11:07:00+00:00,-0.0215,2026-05-25,5.7358219864795625,2026-05-25,0,0.20667050613064486,G202605251107
B202605251107,50065,S006,4,330.5,38.0,28.5657955,28.5657955,temperature (board),5.078289090109145,5.262128591859145,0.4439666666666667,paired,LSC15206,Treated,0.0,False,2026-05-25 11:07:00+00:00,-0.0215,2026-05-25,5.325959592779712,2026-05-25,0,-0.06383100092056626,G202605251107
B202605251055,50045,S005,1,441.0,30.0,25.40625,26.041794,sipm_temperature,5.602118820879701,5.718353195879701,1.7358723833333334,paired,LSC15206,Treated,0.0,False,2026-05-25 10:55:00+00:00,-0.0215,2026-05-25,5.7358219864795625,2026-05-25,0,-0.017468790599861173,G202605251055
B202605251055,50065,S005,4,341.0,38.0,29.2707525,29.2707525,temperature (board),5.14166355650266,5.339847987252661,0.44988333333333336,paired,LSC15206,Treated,0.0,False,2026-05-25 10:55:00+00:00,-0.0215,2026-05-25,5.325959592779712,2026-05-25,0,0.013888394472949095,G202605251055
B202605251116,50045,S007,1,532.0,32.0,25.28125,26.185303,sipm_temperature,5.8916442118257715,6.005191086825771,-1.2620442833333334,paired,Kamonyi. EP Rwishwima. Near nursery class2. Rain water tank,Source (untreated),5.0,False,2026-05-25 11:16:00+00:00,-0.0215,2026-05-25,5.7358219864795625,2026-05-25,0,0.26936910034620887,G202605251116
B202605251116,50065,S007,4,459.0,41.0,27.777756,27.777756,temperature (board),5.666420701558232,5.833642455558232,0.38488333333333336,paired,Kamonyi. EP Rwishwima. Near nursery class2. Rain water tank,Source (untreated),5.0,False,2026-05-25 11:16:00+00:00,-0.0215,2026-05-25,5.325959592779712,2026-05-25,0,0.5076828627785206,G202605251116
B202605251120,50045,S007,1,576.0,32.0,24.367188,25.568466,sipm_temperature,6.0063531596017325,6.100247701601733,0.7372395833333333,paired,Kamonyi. EP Rwishwima. In front of the kitchen. Rain water tank,Source (untreated),5.0,False,2026-05-25 11:20:00+00:00,-0.0215,2026-05-25,5.7358219864795625,2026-05-25,0,0.36442571512217015,G202605251116
B202605251120,50065,S007,4,463.0,41.0,27.0199285,27.0199285,temperature (board),5.680172609017068,5.831370353677874,0.3809666666666666,paired,Kamonyi. EP Rwishwima. In front of the kitchen. Rain water tank,Source (untreated),5.0,False,2026-05-25 11:20:00+00:00,-0.0215,2026-05-25,5.325959592779712,2026-05-25,0,0.5054107608981626,G202605251116
B202605251130,50065,S008,4,370.0,39.0,25.578522,25.578522,temperature (board),5.298317366548036,5.418255589548036,0.4079083333333333,paired,Kamonyi. EP Rwishwima. Between nursery class1 and nursery class2. Spring water tap,Source (untreated),0.0,False,2026-05-25 11:30:00+00:00,-0.0215,2026-05-25,5.325959592779712,2026-05-25,0,0.09229599676832478,G202605251130
B202605251133,50065,S008,4,368.5,38.5,25.578522,25.578522,temperature (board),5.290785927709514,5.410724150709514,0.40490000000000004,paired,Kamonyi. EP Rwishwima. Between nursery class1 and nursery class2. Spring water tap,Source (untreated),0.0,False,2026-05-25 11:33:00+00:00,-0.0215,2026-05-25,5.325959592779712,2026-05-25,0,0.08476455792980264,G202605251130
B202605251142,50045,S009,1,513.0,30.0,24.460938,25.472794,sipm_temperature,5.8377304471659395,5.933640614165939,2.7438151,paired,Kamonyi. EP Rwishwima. Near the toilets. Rain water tank,Source (untreated),0.0,False,2026-05-25 11:42:00+00:00,-0.0215,2026-05-25,5.7358219864795625,2026-05-25,0,0.19781862768637648,G202605251142
B202605251142,50065,S009,4,354.0,38.0,26.119843,26.119843,temperature (board),5.214935757608986,5.346512382108986,0.40505,paired,Kamonyi. EP Rwishwima. Near the toilets. Rain water tank,Source (untreated),0.0,False,2026-05-25 11:42:00+00:00,-0.0215,2026-05-25,5.325959592779712,2026-05-25,0,0.02055278932927429,G202605251142
B202605251145,50045,S009,1,513.0,30.0,24.460938,25.472794,sipm_temperature,5.8377304471659395,5.933640614165939,-0.2561849,paired,Kamonyi. EP Rwishwima. Near the toilets. Rain water tank,Source (untreated),0.0,False,2026-05-25 11:45:00+00:00,-0.0215,2026-05-25,5.7358219864795625,2026-05-25,0,0.19781862768637648,G202605251142
B202605251145,50065,S009,4,355.0,39.0,25.8869625,25.8869625,temperature (board),5.220355825078324,5.3461641913436555,0.4027,paired,Kamonyi. EP Rwishwima. Near the toilets. Rain water tank,Source (untreated),0.0,False,2026-05-25 11:45:00+00:00,-0.0215,2026-05-25,5.325959592779712,2026-05-25,0,0.020204598563943854,G202605251142
B202605260943,50045,S010,1,487.0,29.0,28.460938,29.881287,sipm_temperature,5.75890177387728,5.94081194087728,0.02734375,paired,LSC15197,Treated,3.0,False,2026-05-26 09:43:00+00:00,-0.0215,2026-05-26,5.866750683293772,2026-05-26,0,0.07406125758350779,G202605260943
B202605260943,50065,S010,4,330.0,38.0,31.981049,31.981049,temperature (board),5.075173815233827,5.332766368733827,0.4338833333333334,paired,LSC15197,Treated,3.0,False,2026-05-26 09:43:00+00:00,-0.0215,2026-05-26,5.259016482892435,2026-05-26,0,0.07374988584139164,G202605260943
B202605260951,50065,S011,3,320.0,38.0,32.87735,32.87735,temperature (board),5.0106352940962555,5.2874983190962555,0.9320666666666667,paired,LSC11394,Treated,0.0,False,2026-05-26 09:51:00+00:00,-0.0215,2026-05-26,5.259016482892435,2026-05-26,0,0.028481836203820166,G202605260951
B202605261000,50045,S012,1,461.0,29.0,24.710938,25.709457,sipm_temperature,5.673323267171493,5.774608434171493,1.02428385,paired,LSC15145,Treated,0.0,False,2026-05-26 10:00:00+00:00,-0.0215,2026-05-26,5.866750683293772,2026-05-26,0,-0.0921422491222792,G202605261000
B202605261000,50065,S012,4,318.0,38.0,31.2144165,31.2144165,temperature (board),4.997212273764115,5.240649517514115,0.4265166666666667,paired,LSC15145,Treated,0.0,False,2026-05-26 10:00:00+00:00,-0.0215,2026-05-26,5.259016482892435,2026-05-26,0,-0.01836696537832072,G202605261000
B202605261017,50065,S014,4,310.5,37.5,30.70456,30.70456,temperature (board),4.945201156493736,5.175349196493736,0.4141833333333333,paired,LSC11379,Treated,0.0,False,2026-05-26 10:17:00+00:00,-0.0215,2026-05-26,5.259016482892435,2026-05-26,0,-0.08366728639869958,G202605261017
B202605261007,50045,S013,1,490.0,29.0,24.578125,25.364532,sipm_temperature,5.768320995793772,5.866750683293772,0.02252603333333333,paired,LSC11391,Treated,1.0,False,2026-05-26 10:07:00+00:00,-0.0215,2026-05-26,5.866750683293772,2026-05-26,0,0.0,G202605261007
B202605261007,50065,S013,4,323.0,38.0,30.631561,30.631561,temperature (board),5.030437921392435,5.259016482892435,0.41751666666666665,paired,LSC11391,Treated,1.0,False,2026-05-26 10:07:00+00:00,-0.0215,2026-05-26,5.259016482892435,2026-05-26,0,0.0,G202605261007
B202605261052,50045,S017,1,583.0,29.0,25.210938,25.96878,sipm_temperature,6.023447592961033,6.135482759961033,3.015494783333333,paired,Kamonyi. EP Nyakabuye. Beside P6A classroom. Rain water tank,Source (untreated),0.0,False,2026-05-26 10:52:00+00:00,-0.0215,2026-05-26,5.866750683293772,2026-05-26,0,0.26873207666726096,G202605261052
B202605261052,50065,S017,3,446.0,39.0,30.432648,30.432648,temperature (board),5.62040086571715,5.84470279771715,0.81835,paired,Kamonyi. EP Nyakabuye. Beside P6A classroom. Rain water tank,Source (untreated),0.0,False,2026-05-26 10:52:00+00:00,-0.0215,2026-05-26,5.259016482892435,2026-05-26,0,0.5856863148247147,G202605261052
B202605261054,50045,S017,1,583.0,29.0,25.210938,25.96878,sipm_temperature,6.023447592961033,6.135482759961033,1.0154947833333334,paired,Kamonyi. EP Nyakabuye. Beside P6A classroom. Rain water tank,Source (untreated),0.0,False,2026-05-26 10:54:00+00:00,-0.0215,2026-05-26,5.866750683293772,2026-05-26,0,0.26873207666726096,G202605261052
B202605261054,50065,S017,4,478.0,40.0,30.343277,30.343277,temperature (board),5.729672673633983,5.952053129133984,0.30770000000000003,paired,Kamonyi. EP Nyakabuye. Beside P6A classroom. Rain water tank,Source (untreated),0.0,False,2026-05-26 10:54:00+00:00,-0.0215,2026-05-26,5.259016482892435,2026-05-26,0,0.6930366462415485,G202605261052
B202605261044,50045,S016,1,537.0,33.0,25.367188,26.029205,sipm_temperature,5.905361848054571,6.02075639005457,-0.98359375,paired,Kamonyi. EP Nyakabuye. Beside P6A classroom. Rain water tank,Source (untreated),33.0,False,2026-05-26 10:44:00+00:00,-0.0215,2026-05-26,5.866750683293772,2026-05-26,0,0.15400570676079806,G202605261044
B202605261044,50065,S016,4,416.5,38.0,30.9374695,30.9374695,temperature (board),5.506453944960415,5.741609539210415,0.3376,paired,Kamonyi. EP Nyakabuye. Beside P6A classroom. Rain water tank,Source (untreated),33.0,False,2026-05-26 10:44:00+00:00,-0.0215,2026-05-26,5.259016482892435,2026-05-26,0,0.4825930563179801,G202605261044
B202605261046,50045,S016,1,537.0,33.0,25.367188,26.029205,sipm_temperature,5.905361848054571,6.02075639005457,-2.98359375,paired,Kamonyi. EP Nyakabuye. Beside P6A classroom. Rain water tank,Source (untreated),33.0,False,2026-05-26 10:46:00+00:00,-0.0215,2026-05-26,5.866750683293772,2026-05-26,0,0.15400570676079806,G202605261044
B202605261046,50065,S016,4,451.5,38.0,30.7713015,30.7713015,temperature (board),5.63967635908274,5.87125934133274,0.32425833333333326,paired,Kamonyi. EP Nyakabuye. Beside P6A classroom. Rain water tank,Source (untreated),33.0,False,2026-05-26 10:46:00+00:00,-0.0215,2026-05-26,5.259016482892435,2026-05-26,0,0.6122428584403048,G202605261044
B202605270836,50065,S018,4,327.5,38.0,33.87059,33.87059,temperature (board),5.059420419187637,5.36079268878427,0.24436666666666662,paired,LSC11525,Treated,0.0,False,2026-05-27 08:36:00+00:00,-0.0215,2026-05-27,5.474759820957615,2026-05-27,0,-0.11396713217334575,G202605270836
B202605270845,50045,S019,1,475.0,29.0,26.585938,28.161697,sipm_temperature,5.720311776607412,5.861909443607412,-1.21627605,paired,LSC11517,Treated,0.0,False,2026-05-27 08:45:00+00:00,-0.0215,2026-05-27,5.8904838564454645,2026-05-27,0,-0.02857441283805251,G202605270845
B202605270845,50065,S019,4,364.0,38.0,33.10771149999999,33.10771149999999,temperature (board),5.267858159063328,5.547265311313328,0.21901666666666664,paired,LSC11517,Treated,0.0,False,2026-05-27 08:45:00+00:00,-0.0215,2026-05-27,5.474759820957615,2026-05-27,0,0.07250549035571296,G202605270845
B202605270853,50065,S020,4,343.5,38.0,31.662551999999998,31.662551999999998,temperature (board),5.156173446856155,5.406918314856155,0.2223,paired,LSC15487,Treated,0.0,False,2026-05-27 08:53:00+00:00,-0.0215,2026-05-27,5.474759820957615,2026-05-27,0,-0.06784150610146078,G202605270853
B202605270903,50045,S021,1,457.0,29.0,25.632812,27.091675,sipm_temperature,5.659482215759621,5.780587673759621,-1.2448567833333333,paired,LSC15484,Treated,0.0,False,2026-05-27 09:03:00+00:00,-0.0215,2026-05-27,5.8904838564454645,2026-05-27,0,-0.10989618268584334,G202605270903
B202605270903,50065,S021,3,371.0,38.0,31.130066,31.130066,temperature (board),5.303304908059076,5.542601327059075,-0.30239999999999995,paired,LSC15484,Treated,0.0,False,2026-05-27 09:03:00+00:00,-0.0215,2026-05-27,5.474759820957615,2026-05-27,0,0.06784150610145989,G202605270903
B202605270920,50045,S023,1,841.0,29.0,24.132812,24.974289,sipm_temperature,6.508769136971682,6.597624594971682,-0.2515625,paired,LSC11469,Treated,0.0,False,2026-05-27 09:20:00+00:00,-0.0215,2026-05-27,5.8904838564454645,2026-05-27,0,0.7071407385262178,G202605270920
B202605270920,50065,S023,4,590.0,36.5,29.7339935,29.7339935,temperature (board),6.040243373280385,6.2495242335303836,0.11276666666666663,paired,LSC11469,Treated,0.0,False,2026-05-27 09:20:00+00:00,-0.0215,2026-05-27,5.474759820957615,2026-05-27,0,0.7747644125727682,G202605270920
B202605270930,50045,S024,1,511.0,29.0,24.054688,24.73259,sipm_temperature,5.831882477283517,5.919058269283517,1.7384765500000001,paired,LSC11558,Treated,0.0,False,2026-05-27 09:30:00+00:00,-0.0215,2026-05-27,5.8904838564454645,2026-05-27,0,0.02857441283805251,G202605270930
B202605270930,50065,S024,4,328.5,37.0,29.122207500000002,29.122207500000002,temperature (board),5.065749617623599,5.261877078873599,0.19354999999999997,paired,LSC11558,Treated,0.0,False,2026-05-27 09:30:00+00:00,-0.0215,2026-05-27,5.474759820957615,2026-05-27,0,-0.21288274208401603,G202605270930
B202605270939,50045,S025,1,549.0,29.0,24.882812,25.132904,sipm_temperature,5.937536205082426,6.042516663082426,-1.2611328166666667,paired,Kamonyi. EP Nyakabungo. Near new kitchen. Spring water tap,Source (untreated),0.0,False,2026-05-27 09:39:00+00:00,-0.0215,2026-05-27,5.8904838564454645,2026-05-27,0,0.15203280663696184,G202605270939
B202605270939,50065,S025,4,340.5,37.0,29.694977,29.694977,temperature (board),5.138730996776461,5.347173002276461,0.1776083333333333,paired,Kamonyi. EP Nyakabungo. Near new kitchen. Spring water tap,Source (untreated),0.0,False,2026-05-27 09:39:00+00:00,-0.0215,2026-05-27,5.474759820957615,2026-05-27,0,-0.12758681868115396,G202605270939
B202605270954,50045,S026,1,471.0,29.0,27.492188,28.121414,sipm_temperature,5.707110264748875,5.868192306748876,1.7327473833333333,paired,Kamonyi. EP Nyakabungo. Behind P3A classroom. Rain water tank,Source (untreated),0.0,False,2026-05-27 09:54:00+00:00,-0.0215,2026-05-27,5.8904838564454645,2026-05-27,0,-0.022291549696588753,G202605270954
B202605270954,50065,S026,4,345.0,38.0,30.8971705,30.8971705,temperature (board),5.1647859739235145,5.399075139673514,0.151625,paired,Kamonyi. EP Nyakabungo. Behind P3A classroom. Rain water tank,Source (untreated),0.0,False,2026-05-27 09:54:00+00:00,-0.0215,2026-05-27,5.474759820957615,2026-05-27,0,-0.075684681284101,G202605270954
B202605280814,50045,S027,1,559.0,29.0,27.28125,28.370667,sipm_temperature,5.963579343618446,6.120126218618446,2.7386718666666665,paired,Fake.Kicukiro.Amazi Meza warehouse.Kagina. Spring water,Source (untreated),0.0,False,2026-05-28 08:14:00+00:00,-0.0215,2026-05-28,5.8904838564454645,2026-05-27,1,0.2296423621729815,G202605280814
B202605280814,50065,S027,3,379.0,36.0,31.485077,31.485077,temperature (board),5.342334251964811,5.589263407464811,0.48035,paired,Fake.Kicukiro.Amazi Meza warehouse.Kagina. Spring water,Source (untreated),0.0,False,2026-05-28 08:14:00+00:00,-0.0215,2026-05-28,5.474759820957615,2026-05-27,1,0.11450358650719572,G202605280814
B202605280903,50065,S029,4,337.5,36.0,31.64621,31.64621,temperature (board),5.120978895910007,5.372698444910007,-0.04079166666666667,paired,Fake.Kicukiro. Amazi Meza warehouse.Kanengwa. Spring water,Source (untreated),0.0,False,2026-05-28 09:03:00+00:00,-0.0215,2026-05-28,5.474759820957615,2026-05-27,1,-0.10206137604760812,G202605280903
B202605280911,50045,S030,1,551.0,29.0,25.703125,26.565475,sipm_temperature,5.942799375126701,6.065416562626702,-0.2705078166666667,paired,Fake.Kicukiro.Amazi Meza warehouse.Iriba.Spring water,Source (untreated),5.0,False,2026-05-28 09:11:00+00:00,-0.0215,2026-05-28,5.8904838564454645,2026-05-27,1,0.17493270618123713,G202605280911
B202605280911,50065,S030,4,336.5,36.0,31.892914,31.892914,temperature (board),5.11499080038665,5.37068845138665,-0.04675833333333332,paired,Fake.Kicukiro.Amazi Meza warehouse.Iriba.Spring water,Source (untreated),5.0,False,2026-05-28 09:11:00+00:00,-0.0215,2026-05-28,5.474759820957615,2026-05-27,1,-0.10407136957096519,G202605280911
B202605280952,50045,S031,1,534.0,31.0,25.882812,26.839905,sipm_temperature,5.8971538676367405,6.02363432563674,0.7167317666666667,paired,Fake.Kicukiro.Amazi Meza warehouse.Inindi House.Rainwater tank,Source (untreated),0.0,False,2026-05-28 09:52:00+00:00,-0.0215,2026-05-28,5.8904838564454645,2026-05-27,1,0.1331504691912757,G202605280952
B202605280952,50065,S031,4,417.0,39.0,29.898895,29.898895,temperature (board),5.5093883366279774,5.722214579127978,-0.127525,paired,Fake.Kicukiro.Amazi Meza warehouse.Inindi House.Rainwater tank,Source (untreated),0.0,False,2026-05-28 09:52:00+00:00,-0.0215,2026-05-28,5.474759820957615,2026-05-27,1,0.24745475817036233,G202605280952
B202605290843,50045,S032,1,660.0,31.0,27.851562,29.186401,sipm_temperature,6.194405391104672,6.363213974104672,0.9722656166666667,paired,Fake.Kicukiro.Amazi Meza warehouse.Nyirakanamba I.Water Stream,Source (untreated),100.0,True,2026-05-29 08:43:00+00:00,-0.0215,2026-05-29,5.8904838564454645,2026-05-27,2,0.47273011765920714,G202605290843
B202605290843,50065,S032,4,383.0,39.0,33.931,33.931,temperature (board),5.3612921657094255,5.663150590365638,-0.39766666666666667,paired,Fake.Kicukiro.Amazi Meza warehouse.Nyirakanamba I.Water Stream,Source (untreated),100.0,True,2026-05-29 08:43:00+00:00,-0.0215,2026-05-29,5.474759820957615,2026-05-27,2,0.18839076940802268,G202605290843
B202605290854,50065,S033,4,632.0,49.0,33.516846,33.516846,temperature (board),6.135564891081739,6.426312239831739,-0.48180833333333334,paired,Fake.Kicukiro.Amazi Meza wahehouse.Nyirakanamba II. Water pipe,Source (untreated),100.0,True,2026-05-29 08:54:00+00:00,-0.0215,2026-05-29,5.474759820957615,2026-05-27,2,0.9515524188741233,G202605290854
B202605290901,50045,S034,1,769.0,38.0,26.054688,27.24022,sipm_temperature,6.395261598115449,6.525437390115449,0.9660156166666667,paired,Fake.Kicukiro.Amazi Meza wahehouse.Nyirakanamba II. Water pipe,Source (untreated),100.0,True,2026-05-29 09:01:00+00:00,-0.0215,2026-05-29,5.8904838564454645,2026-05-27,2,0.634953533669985,G202605290901
B202605290901,50065,S034,4,661.5,47.0,32.878614999999996,32.878614999999996,temperature (board),6.197461422143414,6.47438766829849,-0.4921083333333333,paired,Fake.Kicukiro.Amazi Meza wahehouse.Nyirakanamba II. Water pipe,Source (untreated),100.0,True,2026-05-29 09:01:00+00:00,-0.0215,2026-05-29,5.474759820957615,2026-05-27,2,0.9996278473408751,G202605290901
B202605290928,50045,S035,1,657.0,40.0,26.40625,27.104263,sipm_temperature,6.18826412308259,6.32599849808259,-2.046614583333333,paired,Fake.Kicukiro.Amazi Meza warehouse.Kabeza.Stream Water,Source (untreated),100.0,True,2026-05-29 09:28:00+00:00,-0.0215,2026-05-29,5.8904838564454645,2026-05-27,2,0.43551464163712517,G202605290928
B202605290928,50065,S035,4,516.0,49.0,30.065094,30.065094,temperature (board),5.846434598489109,6.062834119489109,-0.45910000000000006,paired,Fake.Kicukiro.Amazi Meza warehouse.Kabeza.Stream Water,Source (untreated),100.0,True,2026-05-29 09:28:00+00:00,-0.0215,2026-05-29,5.474759820957615,2026-05-27,2,0.5880742985314935,G202605290928
B202605290936,50045,S036,1,634.0,38.0,26.226562,27.023697,sipm_temperature,6.139884552226255,6.273755635226255,1.9518229166666667,paired,Fake.Kicukiro.Amazi Meza warehouse.Kabeza.Stream Water,Source (untreated),100.0,True,2026-05-29 09:36:00+00:00,-0.0215,2026-05-29,5.8904838564454645,2026-05-27,2,0.38327177878079066,G202605290936
B202605290936,50065,S036,4,498.5,45.0,31.9923705,31.9923705,temperature (board),5.794535679574758,6.052371645324758,-0.4622,paired,Fake.Kicukiro.Amazi Meza warehouse.Kabeza.Stream Water,Source (untreated),100.0,True,2026-05-29 09:36:00+00:00,-0.0215,2026-05-29,5.474759820957615,2026-05-27,2,0.5776118243671426,G202605290936
B202605290948,50045,S037,1,718.0,46.0,26.03125,27.018661,sipm_temperature,6.306275286948016,6.4359471619480155,1.9463541666666666,paired,Fake.Kicukiro.Amazi Meza warehouse.Sahara.Stream water,Source (untreated),100.0,True,2026-05-29 09:48:00+00:00,-0.0215,2026-05-29,5.8904838564454645,2026-05-27,2,0.5454633055025511,G202605290948
B202605290948,50065,S037,4,642.0,54.0,32.251709000000005,32.251709000000005,temperature (board),6.156978985585555,6.420390729085556,0.4853166666666667,paired,Fake.Kicukiro.Amazi Meza warehouse.Sahara.Stream water,Source (untreated),100.0,True,2026-05-29 09:48:00+00:00,-0.0215,2026-05-29,5.474759820957615,2026-05-27,2,0.9456309081279404,G202605290948
B202605301205,50045,S041,1,810.0,48.0,28.203125,29.103317,sipm_temperature,6.461468176353717,6.637835363853718,-0.5496093833333333,paired,Fake.Kicukiro.Amazi Meza wahehouse.Nyirakanamba II. Water pipe,Source (untreated),100.0,True,2026-05-30 13:05:00+00:00,-0.0215,2026-05-30,5.8904838564454645,2026-05-27,3,0.7473515074082533,G202605301205
B202605301205,50065,S041,4,729.5,53.0,33.31543,33.31543,temperature (board),6.327039933952003,6.613321678952003,-0.4586833333333334,paired,Fake.Kicukiro.Amazi Meza wahehouse.Nyirakanamba II. Water pipe,Source (untreated),100.0,True,2026-05-30 13:05:00+00:00,-0.0215,2026-05-30,5.381737109970168,"2026-05-27,2026-06-02",3,1.2315845689818348,G202605301205
B202605301221,50045,S042,1,577.0,35.0,28.914062,30.596313,sipm_temperature,6.008813185442595,6.200465518442595,0.03860676666666667,paired,Fake.Kicukiro.Amazi Meza warehouse.Nyirakanamba I.Water Stream,Source (untreated),100.0,True,2026-05-30 13:21:00+00:00,-0.0215,2026-05-30,5.8904838564454645,2026-05-27,3,0.3099816619971305,G202605301221
B202605301221,50065,S042,4,395.5,39.0,30.75241,30.75241,temperature (board),5.418317700738353,5.649494515738354,-0.3758916666666666,paired,Fake.Kicukiro.Amazi Meza warehouse.Nyirakanamba I.Water Stream,Source (untreated),100.0,True,2026-05-30 13:21:00+00:00,-0.0215,2026-05-30,5.381737109970168,"2026-05-27,2026-06-02",3,0.26775740576818574,G202605301221
B202605301228,50045,S043,1,554.0,35.0,27.664062,29.163742,sipm_temperature,5.950642552587727,6.115419885587727,-0.9638671999999999,paired,Fake.Kicukiro.Amazi Meza warehouse.Nyirakanamba I.Water Stream,Source (untreated),100.0,True,2026-05-30 13:28:00+00:00,-0.0215,2026-05-30,5.8904838564454645,2026-05-27,3,0.2249360291422624,G202605301228
B202605301228,50065,S043,3,416.0,39.0,33.31543,33.31543,temperature (board),5.5053315359323625,5.791613280932363,0.10843333333333334,paired,Fake.Kicukiro.Amazi Meza warehouse.Nyirakanamba I.Water Stream,Source (untreated),100.0,True,2026-05-30 13:28:00+00:00,-0.0215,2026-05-30,5.381737109970168,"2026-05-27,2026-06-02",3,0.4098761709621943,G202605301228
B202605301304,50045,P50045-05301403,1,698.0,42.0,27.078125,27.970352,sipm_temperature,6.269096283706261,6.421275971206262,-0.9759114666666666,paired (partner soak),Fake.Kicukiro.Amazi Meza warehouse.Kabeza.Stream Water,Source (untreated),100.0,True,2026-05-30 14:04:00+00:00,-0.0215,2026-05-30,5.8904838564454645,2026-05-27,3,0.5307921147607972,G202605301304
B202605301326,50045,S044,1,763.0,47.0,26.421875,27.06398,sipm_temperature,6.385194398997726,6.523264711497726,1.0139322833333333,paired,Fake.Kicukiro.Amazi Meza warehouse.Sahara.Stream water,Source (untreated),100.0,True,2026-05-30 14:26:00+00:00,-0.0215,2026-05-30,5.8904838564454645,2026-05-27,3,0.6327808550522613,G202605301326
B202605301326,50065,S044,4,746.5,53.0,29.491058,29.491058,temperature (board),6.356971954734864,6.565252733664194,0.08056666666666665,paired,Fake.Kicukiro.Amazi Meza warehouse.Sahara.Stream water,Source (untreated),100.0,True,2026-05-30 14:26:00+00:00,-0.0215,2026-05-30,5.381737109970168,"2026-05-27,2026-06-02",3,1.183515623694026,G202605301326
B202605301333,50045,S045,1,754.0,47.0,26.585938,27.131958,sipm_temperature,6.369900982828227,6.511498649828227,0.0158203,paired,Fake.Kicukiro.Amazi Meza warehouse.Sahara.Stream water,Source (untreated),100.0,True,2026-05-30 14:33:00+00:00,-0.0215,2026-05-30,5.8904838564454645,2026-05-27,3,0.6210147933827628,G202605301333
B202605301333,50065,S045,4,705.5,53.5,31.0306095,31.0306095,temperature (board),6.2832004539834045,6.520358558233404,0.07965,paired,Fake.Kicukiro.Amazi Meza warehouse.Sahara.Stream water,Source (untreated),100.0,True,2026-05-30 14:33:00+00:00,-0.0215,2026-05-30,5.381737109970168,"2026-05-27,2026-06-02",3,1.138621448263236,G202605301333
B202606021035,50065,S060,3,506.0,48.0,41.719513,41.719513,temperature (board),5.817111159963204,6.284080689463204,0.04616666666666667,paired,,Source (untreated),100.0,True,2026-06-02 10:35:00+00:00,-0.0215,2026-06-02,5.288714398982721,2026-06-02,0,0.995366290480483,G202606021035
B202606040845,50053,S067,1,788.0,32.0,34.75,35.38498,sipm_temperature,6.42648845745769,6.74361345745769,2.7200520833333335,paired,,Treated,0.0,False,2026-06-04 08:45:00+00:00,-0.0215,2026-06-04,6.74361345745769,2026-06-04,0,0.0,G202606040845
B202606040845,50065,S067,4,257.5,39.0,37.822113,37.822113,temperature (board),4.471622466566395,4.854797896066395,-0.170675,paired,,Treated,0.0,False,2026-06-04 08:45:00+00:00,-0.0215,2026-06-04,4.95988224406134,2026-06-04,0,-0.10508434799494548,G202606040845
B202606040902,50053,S068,1,754.0,32.0,35.515625,35.66696,sipm_temperature,6.369900982828227,6.703486920328227,-2.27734375,paired,,Treated,0.0,False,2026-06-04 09:02:00+00:00,-0.0215,2026-06-04,6.74361345745769,2026-06-04,0,-0.04012653712946346,G202606040902
B202606040902,50065,S068,3,253.0,39.0,38.859406,38.859406,temperature (board),4.418840607796598,4.824317836796598,0.3057666666666667,paired,,Treated,0.0,False,2026-06-04 09:02:00+00:00,-0.0215,2026-06-04,4.95988224406134,2026-06-04,0,-0.1355644072647424,G202606040902
B202606040954,50053,S069,1,398.0,343.0,34.09375,34.788284,sipm_temperature,5.429345628954441,5.732361253954441,-0.25996095,paired,,Source (untreated),100.0,True,2026-06-04 09:54:00+00:00,-0.0215,2026-06-04,6.74361345745769,2026-06-04,0,-1.0112522035032496,G202606040954
B202606040954,50065,S069,2,289.0,341.0,36.804962,36.804962,temperature (board),4.774013078831528,5.1353197618315285,0.7223416666666667,paired,,Source (untreated),100.0,True,2026-06-04 09:54:00+00:00,-0.0215,2026-06-04,4.95988224406134,2026-06-04,0,0.17543751777018812,G202606040954
B202606040956,50065,S069,4,332.5,327.0,36.804962,36.804962,temperature (board),5.07152774113224,5.43283442413224,-0.3052583333333333,paired,,Source (untreated),100.0,True,2026-06-04 09:56:00+00:00,-0.0215,2026-06-04,4.95988224406134,2026-06-04,0,0.4729521800708998,G202606040954
B202606040958,50065,S069,4,439.5,313.5,37.304718,37.304718,temperature (board),5.593943802987339,5.96599523998734,-0.3563166666666667,paired,,Source (untreated),100.0,True,2026-06-04 09:58:00+00:00,-0.0215,2026-06-04,4.95988224406134,2026-06-04,0,1.0061129959259993,G202606040954
B202606020748,50065,S052,4,310.0,40.0,32.950348,32.950348,temperature (board),4.94161691175443,5.230725955989715,-0.11091666666666666,paired,Turkana.Loima.Turkwel.Lorgum.100m near church.Concrete fixed public stand Tap 2,Treated,0.0,False,2026-06-02 07:48:00+00:00,-0.0215,2026-06-02,5.288714398982721,2026-06-02,0,-0.05798844299300665,G202606020748
B202606020800,50065,S053,4,324.5,39.0,37.528793,37.528793,temperature (board),5.040146964320986,5.4170160138209855,-0.14125833333333337,paired,Turkana.Loima.Turkwel.Lorgum.100m near church.Concrete fixed public stand Tap 2,Treated,0.0,False,2026-06-02 08:00:00+00:00,-0.0215,2026-06-02,5.288714398982721,2026-06-02,0,0.1283016148382643,G202606020800
B202606020818,50065,S054,4,262.5,44.0,36.103775,36.103775,temperature (board),4.527194035101148,4.880949670851148,-0.13684999999999997,paired,Turkana.Loima.Turkwel.Lorgum.Aqutab inline chlorine unit,Treated,0.0,False,2026-06-02 08:18:00+00:00,-0.0215,2026-06-02,5.288714398982721,2026-06-02,0,-0.40776472813157305,G202606020818
B202606020843,50065,S055,3,314.0,40.0,38.129272,38.129272,temperature (board),4.969813299576001,5.359592647576001,0.30791666666666667,paired,,Treated,0.0,False,2026-06-02 08:43:00+00:00,-0.0215,2026-06-02,5.288714398982721,2026-06-02,0,0.07087824859327974,G202606020843
B202606020904,50065,S056,4,301.5,39.5,37.00638,37.00638,temperature (board),4.878652521179023,5.2442896911790235,-0.22494166666666668,paired,Turkana.Loima.Turkwel.Lorgum.East of treatement.Concrete fixed Public Stand Tap 4,Treated,0.0,False,2026-06-02 09:04:00+00:00,-0.0215,2026-06-02,5.288714398982721,2026-06-02,0,-0.04442470780369767,G202606020904
B202606020916,50065,S057,4,296.5,39.5,37.348785,37.348785,temperature (board),4.840172000610959,5.213170878110959,-0.23739166666666667,paired,Turkana.Loima.Turkwel.Lorgum.Nearest to 32m3 steel tank.Concrete fixed Public Stand Tap 1,Treated,0.0,False,2026-06-02 09:16:00+00:00,-0.0215,2026-06-02,5.288714398982721,2026-06-02,0,-0.0755435208717623,G202606020916
B202606021016,50065,S058,4,315.5,40.5,39.322662,39.322662,temperature (board),4.97988668177336,5.39532391477336,-0.3302333333333334,paired,Turkana.Loima.Turkwel.Lorgum.Behind grass roof house.Concrete fixed Public Stand Tap 3,Treated,0.0,False,2026-06-02 10:16:00+00:00,-0.0215,2026-06-02,5.288714398982721,2026-06-02,0,0.10660951579063838,G202606021016
B202606021028,50065,S059,3,311.0,40.0,38.579926,38.579926,temperature (board),4.948759890378168,5.348228299378168,0.13403333333333334,paired,Turkana.Loima.Turkwel.Lorgum.100m near church.Concrete fixed public stand Tap 2,Treated,0.0,False,2026-06-02 10:28:00+00:00,-0.0215,2026-06-02,5.288714398982721,2026-06-02,0,0.05951390039544702,G202606021028
B202606021030,50065,S059,4,304.5,40.0,38.579926,38.579926,temperature (board),4.90155728919467,5.31804991419467,-0.35375833333333334,paired,Turkana.Loima.Turkwel.Lorgum.100m near church.Concrete fixed public stand Tap 2,Treated,0.0,False,2026-06-02 10:30:00+00:00,-0.0215,2026-06-02,5.288714398982721,2026-06-02,0,0.029335515211949215,G202606021028
B202606030843,50053,S062,1,715.0,29.0,35.03125,35.868378,sipm_temperature,6.300785794663244,6.623957669663244,3.4418619666666666,paired,Turkana.Turkana West.Kakuma.Nakoyo.100m from the Tank.Public Stand Tap 2,Treated,0.0,False,2026-06-03 08:43:00+00:00,-0.0215,2026-06-03,6.685733502654843,2026-06-03,0,-0.06177583299159917,G202606030843
B202606030843,50065,S062,3,324.0,39.0,40.98938,40.98938,temperature (board),5.0369526024136295,5.488224272413629,0.9041166666666667,paired,Turkana.Turkana West.Kakuma.Nakoyo.100m from the Tank.Public Stand Tap 2,Treated,0.0,False,2026-06-03 08:43:00+00:00,-0.0215,2026-06-03,5.302452820666775,2026-06-03,0,0.18577145174685405,G202606030843
B202606030846,50053,S062,1,715.0,29.0,35.03125,35.868378,sipm_temperature,6.300785794663244,6.623957669663244,0.44186196666666666,paired,Turkana.Turkana West.Kakuma.Nakoyo.100m from the Tank.Public Stand Tap 2,Treated,0.0,False,2026-06-03 08:46:00+00:00,-0.0215,2026-06-03,6.685733502654843,2026-06-03,0,-0.06177583299159917,G202606030843
B202606030846,50065,S062,2,333.0,39.0,42.337616,42.337616,temperature (board),5.093580801795185,5.573839545795185,-0.6232666666666666,paired,Turkana.Turkana West.Kakuma.Nakoyo.100m from the Tank.Public Stand Tap 2,Treated,0.0,False,2026-06-03 08:46:00+00:00,-0.0215,2026-06-03,5.302452820666775,2026-06-03,0,0.27138672512840945,G202606030843
B202606030911,50053,P50053-06030913,1,715.0,30.0,37.367188,38.21991,sipm_temperature,6.300785794663244,6.674180336663244,2.00234375,paired (partner soak),Turkana.Turkana West.Kakuma.Nakoyo.500m East.Public Stand Tap 3,Treated,0.0,False,2026-06-03 09:11:00+00:00,-0.0215,2026-06-03,6.685733502654843,2026-06-03,0,-0.011553165991599279,G202606030911
B202606030914,50053,P50053-06030913,1,715.0,30.0,37.367188,38.21991,sipm_temperature,6.300785794663244,6.674180336663244,-0.99765625,paired (partner soak),Turkana.Turkana West.Kakuma.Nakoyo.500m East.Public Stand Tap 3,Treated,0.0,False,2026-06-03 09:14:00+00:00,-0.0215,2026-06-03,6.685733502654843,2026-06-03,0,-0.011553165991599279,G202606030911
B202606030931,50053,S063,1,735.0,29.0,36.765625,37.2657,sipm_temperature,6.336825731146441,6.697286668646441,0.013802083333333333,paired,Turkana.Turkana West. Kakuma.Nakoyo.Adjacent to 5m3 PVC tank.Public Tap Stand 4,Treated,0.0,False,2026-06-03 09:31:00+00:00,-0.0215,2026-06-03,6.685733502654843,2026-06-03,0,0.01155316599159839,G202606030931
B202606030931,50065,S063,3,279.0,41.0,37.7919,37.7919,temperature (board),4.6913478822291435,5.073873732229144,-0.11605,paired,Turkana.Turkana West. Kakuma.Nakoyo.Adjacent to 5m3 PVC tank.Public Tap Stand 4,Treated,0.0,False,2026-06-03 09:31:00+00:00,-0.0215,2026-06-03,5.302452820666775,2026-06-03,0,-0.2285790884376313,G202606030931
B202606030933,50053,S063,1,735.0,29.0,36.765625,37.2657,sipm_temperature,6.336825731146441,6.697286668646441,-1.9861979166666666,paired,Turkana.Turkana West. Kakuma.Nakoyo.Adjacent to 5m3 PVC tank.Public Tap Stand 4,Treated,0.0,False,2026-06-03 09:33:00+00:00,-0.0215,2026-06-03,6.685733502654843,2026-06-03,0,0.01155316599159839,G202606030931
B202606030933,50065,S063,1,279.0,41.0,37.7919,37.7919,temperature (board),4.6913478822291435,5.073873732229144,-1.1172833333333334,paired,Turkana.Turkana West. Kakuma.Nakoyo.Adjacent to 5m3 PVC tank.Public Tap Stand 4,Treated,0.0,False,2026-06-03 09:33:00+00:00,-0.0215,2026-06-03,5.302452820666775,2026-06-03,0,-0.2285790884376313,G202606030931
B202606030958,50053,P50053-06031001,1,769.0,30.0,34.5625,35.14328,sipm_temperature,6.395261598115449,6.708355348115449,3.0318359333333333,paired (partner soak),Turkana.Turkana West.Kakuma.Nakoyo.Public Stand Tap 6,Treated,0.0,False,2026-06-03 09:58:00+00:00,-0.0215,2026-06-03,6.685733502654843,2026-06-03,0,0.022621845460606416,G202606030958
B202606040811,50053,S064,1,795.0,33.0,33.796875,34.58435,sipm_temperature,6.437751649736401,6.734384462236401,0.7151692666666667,paired,Turkana.Turkana South. Lokichar. Kimabur.Kimabur school.Public Stand Tap 1,Treated,0.0,False,2026-06-04 08:11:00+00:00,-0.0215,2026-06-04,6.74361345745769,2026-06-04,0,-0.009228995221289615,G202606040811
B202606040811,50065,S064,3,294.0,39.0,37.603058,37.603058,temperature (board),4.820281565605037,5.198747312605037,0.3401666666666667,paired,Turkana.Turkana South. Lokichar. Kimabur.Kimabur school.Public Stand Tap 1,Treated,0.0,False,2026-06-04 08:11:00+00:00,-0.0215,2026-06-04,4.95988224406134,2026-06-04,0,0.2388650685436966,G202606040811
B202606040827,50053,S065,1,811.0,32.0,33.78125,34.04808,sipm_temperature,6.46302945692067,6.75932633192067,2.718619783333333,paired,Turkana.Turkana South.Lokichar.Kimabur.Concrete fixed Public Stand Tap 3,Treated,0.0,False,2026-06-04 08:27:00+00:00,-0.0215,2026-06-04,6.74361345745769,2026-06-04,0,0.015712874462979975,G202606040827
B202606040827,50065,S065,3,269.0,39.0,36.731964,36.731964,temperature (board),4.59511985013459,4.95485707613459,0.34195,paired,Turkana.Turkana South.Lokichar.Kimabur.Concrete fixed Public Stand Tap 3,Treated,0.0,False,2026-06-04 08:27:00+00:00,-0.0215,2026-06-04,4.95988224406134,2026-06-04,0,-0.005025167926750562,G202606040827
B202606040813,50053,S064,1,795.0,33.0,33.796875,34.58435,sipm_temperature,6.437751649736401,6.734384462236401,-1.2848307333333333,paired,Turkana.Turkana South. Lokichar. Kimabur.Kimabur school.Public Stand Tap 1,Treated,0.0,False,2026-06-04 08:13:00+00:00,-0.0215,2026-06-04,6.74361345745769,2026-06-04,0,-0.009228995221289615,G202606040811
B202606040813,50065,S064,3,296.0,39.0,37.603058,37.603058,temperature (board),4.836281906951478,5.214747653951478,-0.6610333333333334,paired,Turkana.Turkana South. Lokichar. Kimabur.Kimabur school.Public Stand Tap 1,Treated,0.0,False,2026-06-04 08:13:00+00:00,-0.0215,2026-06-04,4.95988224406134,2026-06-04,0,0.2548654098901375,G202606040811
B202606040829,50053,S065,1,811.0,32.0,33.78125,34.04808,sipm_temperature,6.46302945692067,6.75932633192067,0.7186197833333333,paired,Turkana.Turkana South.Lokichar.Kimabur.Concrete fixed Public Stand Tap 3,Treated,0.0,False,2026-06-04 08:29:00+00:00,-0.0215,2026-06-04,6.74361345745769,2026-06-04,0,0.015712874462979975,G202606040827
B202606040829,50065,S065,4,270.0,39.0,36.731964,36.731964,temperature (board),4.605170185988092,4.964907411988092,-0.16005833333333333,paired,Turkana.Turkana South.Lokichar.Kimabur.Concrete fixed Public Stand Tap 3,Treated,0.0,False,2026-06-04 08:29:00+00:00,-0.0215,2026-06-04,4.95988224406134,2026-06-04,0,0.00502516792675145,G202606040827
B202606040833,50053,S066,1,1289.0,31.0,34.0625,34.393005,sipm_temperature,7.020190708311925,7.322534458311925,2.7172526,paired,Turkana.Turkana South.Lokichar.Kimabur.Concrete fixed Public Stand Tap 3,Treated,0.0,False,2026-06-04 08:33:00+00:00,-0.0215,2026-06-04,6.74361345745769,2026-06-04,0,0.5789210008542351,G202606040833
B202606040833,50065,S066,3,277.0,39.0,38.381042,38.381042,temperature (board),4.672828834461906,5.068021237461906,0.3277333333333334,paired,Turkana.Turkana South.Lokichar.Kimabur.Concrete fixed Public Stand Tap 3,Treated,0.0,False,2026-06-04 08:33:00+00:00,-0.0215,2026-06-04,4.95988224406134,2026-06-04,0,0.10813899340056565,G202606040833
B202606090654,50053,S070,1,646.0,40.0,29.382812,29.392853,sipm_temperature,6.16541785423142,6.3671483122314205,3.8245442666666665,paired,Isiolo.Isiolo.Ngaremara.Kona (Ngalabilabia).KonaBorehole,Source (untreated),0.0,False,2026-06-09 06:54:00+00:00,-0.0215,2026-06-09,6.8294207694409215,2026-06-09,0,-0.46227245720950094,G202606090654
B202606090654,50065,S070,1,285.0,41.0,31.555573,31.555573,temperature (board),4.74493212836325,4.993376947863251,1.90645,paired,Isiolo.Isiolo.Ngaremara.Kona (Ngalabilabia).KonaBorehole,Source (untreated),0.0,False,2026-06-09 06:54:00+00:00,-0.0215,2026-06-09,4.990657055448866,2026-06-09,0,0.0027198924143849723,G202606090654
B202606090656,50053,S070,1,646.0,40.0,29.382812,29.392853,sipm_temperature,6.16541785423142,6.3671483122314205,1.8245442666666667,paired,Isiolo.Isiolo.Ngaremara.Kona (Ngalabilabia).KonaBorehole,Source (untreated),0.0,False,2026-06-09 06:56:00+00:00,-0.0215,2026-06-09,6.8294207694409215,2026-06-09,0,-0.46227245720950094,G202606090654
B202606090656,50065,S070,3,293.0,41.0,31.555573,31.555573,temperature (board),4.812184355372417,5.0606291748724175,0.8995333333333334,paired,Isiolo.Isiolo.Ngaremara.Kona (Ngalabilabia).KonaBorehole,Source (untreated),0.0,False,2026-06-09 06:56:00+00:00,-0.0215,2026-06-09,4.990657055448866,2026-06-09,0,0.06997211942355186,G202606090654
B202606090659,50053,S070,1,646.0,40.0,29.382812,29.392853,sipm_temperature,6.16541785423142,6.3671483122314205,-1.1754557333333333,paired,Isiolo.Isiolo.Ngaremara.Kona (Ngalabilabia).KonaBorehole,Source (untreated),0.0,False,2026-06-09 06:59:00+00:00,-0.0215,2026-06-09,6.8294207694409215,2026-06-09,0,-0.46227245720950094,G202606090654
B202606090659,50065,S070,4,315.0,42.0,34.0896305,34.0896305,temperature (board),4.97556710300174,5.278494158751741,0.38534999999999997,paired,Isiolo.Isiolo.Ngaremara.Kona (Ngalabilabia).KonaBorehole,Source (untreated),0.0,False,2026-06-09 06:59:00+00:00,-0.0215,2026-06-09,4.990657055448866,2026-06-09,0,0.28783710330287526,G202606090654
B202606090701,50053,S070,1,646.0,40.0,29.382812,29.392853,sipm_temperature,6.16541785423142,6.3671483122314205,-3.1754557333333335,paired,Isiolo.Isiolo.Ngaremara.Kona (Ngalabilabia).KonaBorehole,Source (untreated),0.0,False,2026-06-09 07:01:00+00:00,-0.0215,2026-06-09,6.8294207694409215,2026-06-09,0,-0.46227245720950094,G202606090654
B202606090701,50065,S070,4,345.0,42.0,35.081604,35.081604,temperature (board),5.163985333240027,5.488239819240027,0.36630833333333335,paired,Isiolo.Isiolo.Ngaremara.Kona (Ngalabilabia).KonaBorehole,Source (untreated),0.0,False,2026-06-09 07:01:00+00:00,-0.0215,2026-06-09,4.990657055448866,2026-06-09,0,0.4975827637911614,G202606090654
B202606090704,50053,S070,1,646.0,40.0,29.382812,29.392853,sipm_temperature,6.16541785423142,6.3671483122314205,-6.175455733333334,paired,Isiolo.Isiolo.Ngaremara.Kona (Ngalabilabia).KonaBorehole,Source (untreated),0.0,False,2026-06-09 07:04:00+00:00,-0.0215,2026-06-09,6.8294207694409215,2026-06-09,0,-0.46227245720950094,G202606090654
B202606090704,50065,S070,1,363.0,42.0,35.780243,35.780243,temperature (board),5.262690188904886,5.601965413404885,-1.19755,paired,Isiolo.Isiolo.Ngaremara.Kona (Ngalabilabia).KonaBorehole,Source (untreated),0.0,False,2026-06-09 07:04:00+00:00,-0.0215,2026-06-09,4.990657055448866,2026-06-09,0,0.6113083579560197,G202606090654
B202606090720,50053,S071,1,917.0,34.0,30.023438,30.404968,sipm_temperature,6.616065185132817,6.831569102132818,1.83066405,paired,Isiolo.Isiolo.Ngaremara.Kona(Ngalabilabia).NearestToBorehole.KonaWaterKiosk,Treated,1.0,False,2026-06-09 07:20:00+00:00,-0.0215,2026-06-09,6.8294207694409215,2026-06-09,0,0.002148332691896293,G202606090720
B202606090720,50065,S071,3,316.0,40.0,34.541534,34.541534,temperature (board),4.983606621708336,5.296249602708336,0.8742333333333333,paired,Isiolo.Isiolo.Ngaremara.Kona(Ngalabilabia).NearestToBorehole.KonaWaterKiosk,Treated,1.0,False,2026-06-09 07:20:00+00:00,-0.0215,2026-06-09,4.990657055448866,2026-06-09,0,0.3055925472594705,G202606090720
B202606090723,50053,S071,1,917.0,34.0,30.023438,30.404968,sipm_temperature,6.616065185132817,6.831569102132818,-1.16933595,paired,Isiolo.Isiolo.Ngaremara.Kona(Ngalabilabia).NearestToBorehole.KonaWaterKiosk,Treated,2.0,False,2026-06-09 07:23:00+00:00,-0.0215,2026-06-09,6.8294207694409215,2026-06-09,0,0.002148332691896293,G202606090720
B202606090723,50065,S071,4,324.5,40.0,35.247757,35.247757,temperature (board),5.040063163097292,5.367889938597292,0.3675,paired,Isiolo.Isiolo.Ngaremara.Kona(Ngalabilabia).NearestToBorehole.KonaWaterKiosk,Treated,2.0,False,2026-06-09 07:23:00+00:00,-0.0215,2026-06-09,4.990657055448866,2026-06-09,0,0.3772328831484266,G202606090720
B202606090726,50053,S071,1,917.0,34.0,30.023438,30.404968,sipm_temperature,6.616065185132817,6.831569102132818,-4.16933595,paired,Isiolo.Isiolo.Ngaremara.Kona(Ngalabilabia).NearestToBorehole.KonaWaterKiosk,Treated,2.0,False,2026-06-09 07:26:00+00:00,-0.0215,2026-06-09,6.8294207694409215,2026-06-09,0,0.002148332691896293,G202606090720
B202606090726,50065,S071,3,337.0,40.0,37.1373,37.1373,temperature (board),5.117993812416755,5.486445762416755,-0.143,paired,Isiolo.Isiolo.Ngaremara.Kona(Ngalabilabia).NearestToBorehole.KonaWaterKiosk,Treated,2.0,False,2026-06-09 07:26:00+00:00,-0.0215,2026-06-09,4.990657055448866,2026-06-09,0,0.4957887069678897,G202606090720
B202606090748,50053,S072,1,948.0,34.0,29.359375,29.893875,sipm_temperature,6.656726524178391,6.857953086678391,3.8412760333333336,paired,Isiolo.Isiolo.Ngaremara.Kona(Ngalabilabia).NextToSignPost.ArmartiJuuWaterKiosk,Treated,14.0,False,2026-06-09 07:48:00+00:00,-0.0215,2026-06-09,6.8294207694409215,2026-06-09,0,0.028532317237469407,G202606090748
B202606090748,50065,S072,2,268.0,40.5,33.693085,33.693085,temperature (board),4.584915414318987,4.879316741818986,1.3796499999999998,paired,Isiolo.Isiolo.Ngaremara.Kona(Ngalabilabia).NextToSignPost.ArmartiJuuWaterKiosk,Treated,14.0,False,2026-06-09 07:48:00+00:00,-0.0215,2026-06-09,4.990657055448866,2026-06-09,0,-0.11134031362987962,G202606090748
B202606090751,50053,S072,1,948.0,34.0,29.359375,29.893875,sipm_temperature,6.656726524178391,6.857953086678391,0.8412760333333333,paired,Isiolo.Isiolo.Ngaremara.Kona(Ngalabilabia).NextToSignPost.ArmartiJuuWaterKiosk,Treated,5.0,False,2026-06-09 07:51:00+00:00,-0.0215,2026-06-09,6.8294207694409215,2026-06-09,0,0.028532317237469407,G202606090748
B202606090751,50065,S072,4,272.5,40.0,33.693085,33.693085,temperature (board),4.6297557079913165,4.924157035491316,0.3741166666666666,paired,Isiolo.Isiolo.Ngaremara.Kona(Ngalabilabia).NextToSignPost.ArmartiJuuWaterKiosk,Treated,5.0,False,2026-06-09 07:51:00+00:00,-0.0215,2026-06-09,4.990657055448866,2026-06-09,0,-0.06650001995754984,G202606090748
B202606090753,50053,S072,1,948.0,34.0,29.359375,29.893875,sipm_temperature,6.656726524178391,6.857953086678391,-1.1587239666666667,paired,Isiolo.Isiolo.Ngaremara.Kona(Ngalabilabia).NextToSignPost.ArmartiJuuWaterKiosk,Treated,5.0,False,2026-06-09 07:53:00+00:00,-0.0215,2026-06-09,6.8294207694409215,2026-06-09,0,0.028532317237469407,G202606090748
B202606090753,50065,S072,4,279.0,40.0,35.655640000000005,35.655640000000005,temperature (board),4.69117951788712,5.02777577788712,0.3676083333333333,paired,Isiolo.Isiolo.Ngaremara.Kona(Ngalabilabia).NextToSignPost.ArmartiJuuWaterKiosk,Treated,5.0,False,2026-06-09 07:53:00+00:00,-0.0215,2026-06-09,4.990657055448866,2026-06-09,0,0.03711872243825454,G202606090748
B202606090828,50053,S073,1,925.0,33.0,29.328125,29.576645,sipm_temperature,6.626717749249025,6.827272436749025,-0.14947916666666666,paired,Isiolo.Isiolo.Ngaremara.Near50m3ElevatedSteelTank.ZebraCenterWaterKiosk,Treated,0.0,False,2026-06-09 08:28:00+00:00,-0.0215,2026-06-09,6.8294207694409215,2026-06-09,0,-0.002148332691896293,G202606090828
B202606090828,50065,S073,3,282.0,40.0,33.58481,33.58481,temperature (board),4.718498871295094,5.010572286295094,0.8323166666666667,paired,Isiolo.Isiolo.Ngaremara.Near50m3ElevatedSteelTank.ZebraCenterWaterKiosk,Treated,0.0,False,2026-06-09 08:28:00+00:00,-0.0215,2026-06-09,4.990657055448866,2026-06-09,0,0.019915230846228482,G202606090828
B202606090830,50053,S073,1,925.0,33.0,29.328125,29.576645,sipm_temperature,6.626717749249025,6.827272436749025,-2.1494791666666666,paired,Isiolo.Isiolo.Ngaremara.Near50m3ElevatedSteelTank.ZebraCenterWaterKiosk,Treated,0.0,False,2026-06-09 08:30:00+00:00,-0.0215,2026-06-09,6.8294207694409215,2026-06-09,0,-0.002148332691896293,G202606090828
B202606090830,50065,S073,4,281.5,40.0,33.58481,33.58481,temperature (board),4.714014536303714,5.006087951303714,0.3311833333333333,paired,Isiolo.Isiolo.Ngaremara.Near50m3ElevatedSteelTank.ZebraCenterWaterKiosk,Treated,0.0,False,2026-06-09 08:30:00+00:00,-0.0215,2026-06-09,4.990657055448866,2026-06-09,0,0.015430895854848359,G202606090828
B202606090833,50053,S073,1,902.0,33.0,30.125,30.258942,sipm_temperature,6.595780513961311,6.8134680139613115,0.8500651,paired,Isiolo.Isiolo.Ngaremara.Near50m3ElevatedSteelTank.ZebraCenterWaterKiosk,Treated,0.0,False,2026-06-09 08:33:00+00:00,-0.0215,2026-06-09,6.8294207694409215,2026-06-09,0,-0.015952755479609948,G202606090828
B202606090833,50065,S073,4,283.0,40.0,35.660658999999995,35.660658999999995,temperature (board),4.727387818712341,5.064091987212341,0.3246666666666666,paired,Isiolo.Isiolo.Ngaremara.Near50m3ElevatedSteelTank.ZebraCenterWaterKiosk,Treated,0.0,False,2026-06-09 08:33:00+00:00,-0.0215,2026-06-09,4.990657055448866,2026-06-09,0,0.07343493176347504,G202606090828
B202606090845,50053,S074,1,885.0,33.0,31.070312,31.593323,sipm_temperature,6.5722825426940075,6.810294250694008,0.8520833333333333,paired,,Treated,1.0,False,2026-06-09 08:45:00+00:00,-0.0215,2026-06-09,6.8294207694409215,2026-06-09,0,-0.019126518746913845,G202606090845
B202606090845,50065,S074,1,264.0,40.0,39.75821,39.75821,temperature (board),4.543294782270004,4.968096297270003,1.8223333333333334,paired,,Treated,1.0,False,2026-06-09 08:45:00+00:00,-0.0215,2026-06-09,4.990657055448866,2026-06-09,0,-0.022560758178862272,G202606090845
B202606090848,50053,S074,1,885.0,33.0,31.070312,31.593323,sipm_temperature,6.5722825426940075,6.810294250694008,-2.1479166666666667,paired,,Treated,0.0,False,2026-06-09 08:48:00+00:00,-0.0215,2026-06-09,6.8294207694409215,2026-06-09,0,-0.019126518746913845,G202606090845
B202606090848,50065,S074,4,264.5,40.0,39.75821,39.75821,temperature (board),4.548585836935272,4.973387351935272,0.3206083333333333,paired,,Treated,0.0,False,2026-06-09 08:48:00+00:00,-0.0215,2026-06-09,4.990657055448866,2026-06-09,0,-0.017269703513593804,G202606090845
B202606100726,50053,S075,1,1022.0,33.0,26.796875,25.845413,sipm_temperature,6.747586526829315,6.893719339329316,1.8341796833333333,paired,,Source (untreated),0.0,False,2026-06-10 07:26:00+00:00,-0.0215,2026-06-10,6.8512689126499335,2026-06-10,0,0.04245042667938215,G202606100726
B202606100726,50065,S075,2,318.5,40.0,29.098297,29.098297,temperature (board),5.000307131633425,5.195920517133425,1.3570333333333333,paired,,Source (untreated),0.0,False,2026-06-10 07:26:00+00:00,-0.0215,2026-06-10,5.209253505045659,2026-06-10,0,-0.013332987912233918,G202606100726
B202606100730,50053,S075,1,1022.0,33.0,26.796875,25.845413,sipm_temperature,6.747586526829315,6.893719339329316,-2.1658203166666667,paired,,Source (untreated),0.0,False,2026-06-10 07:30:00+00:00,-0.0215,2026-06-10,6.8512689126499335,2026-06-10,0,0.04245042667938215,G202606100726
B202606100730,50065,S075,4,312.5,40.0,29.744079499999998,29.744079499999998,temperature (board),4.9593358439305835,5.175778109260918,0.35320833333333335,paired,,Source (untreated),0.0,False,2026-06-10 07:30:00+00:00,-0.0215,2026-06-10,5.209253505045659,2026-06-10,0,-0.033475395784741124,G202606100726
B202606100753,50053,S076,1,968.0,33.0,28.757812,29.626999,sipm_temperature,6.682108597449809,6.870401555449809,-1.1621093833333334,paired,Isiolo.Isiolo.Ngaremara.Nasuroi.NearestToFarm.WaterKiosk2,Source (untreated),14.0,False,2026-06-10 07:53:00+00:00,-0.0215,2026-06-10,6.8512689126499335,2026-06-10,0,0.019132642799875477,G202606100753
B202606100753,50065,S076,3,340.0,40.0,32.361237,32.361237,temperature (board),5.135798437050262,5.401565032550262,0.8289666666666666,paired,Isiolo.Isiolo.Ngaremara.Nasuroi.NearestToFarm.WaterKiosk2,Source (untreated),14.0,False,2026-06-10 07:53:00+00:00,-0.0215,2026-06-10,5.209253505045659,2026-06-10,0,0.19231152750460279,G202606100753
B202606100757,50053,S076,1,995.0,33.0,27.835938,28.48648,sipm_temperature,6.715383386334681,6.88385605333468,0.8369140500000001,paired,Isiolo.Isiolo.Ngaremara.Nasuroi.NearestToFarm.WaterKiosk2,Source (untreated),48.0,False,2026-06-10 07:57:00+00:00,-0.0215,2026-06-10,6.8512689126499335,2026-06-10,0,0.032587140684746885,G202606100753
B202606100757,50065,S076,4,338.5,40.0,34.9028465,34.9028465,temperature (board),5.126931347163167,5.447342546913166,0.32537499999999997,paired,Isiolo.Isiolo.Ngaremara.Nasuroi.NearestToFarm.WaterKiosk2,Source (untreated),48.0,False,2026-06-10 07:57:00+00:00,-0.0215,2026-06-10,5.209253505045659,2026-06-10,0,0.23808904186750723,G202606100753
B202606101045,50053,S078,1,943.0,33.0,29.703125,29.357605,sipm_temperature,6.650279048587422,6.858896236087422,0.8576822833333334,paired,Isiolo.Isiolo.Ngaremara.Nasuroi.ClaraChlorinationSystem,Treated,0.0,False,2026-06-10 10:45:00+00:00,-0.0215,2026-06-10,6.8512689126499335,2026-06-10,0,0.00762732343748862,G202606101045
B202606101045,50065,S078,4,292.0,40.0,32.2315675,32.2315675,temperature (board),4.803886654193541,5.066865355443541,0.5015166666666667,paired,Isiolo.Isiolo.Ngaremara.Nasuroi.ClaraChlorinationSystem,Treated,0.0,False,2026-06-10 10:45:00+00:00,-0.0215,2026-06-10,5.209253505045659,2026-06-10,0,-0.14238814960211776,G202606101045
B202606101050,50053,S078,1,923.0,34.0,30.703125,30.749893,sipm_temperature,6.6240652277998935,6.854182415299894,1.8615885333333333,paired,Isiolo.Isiolo.Ngaremara.Nasuroi.ClaraChlorinationSystem,Treated,0.0,False,2026-06-10 10:50:00+00:00,-0.0215,2026-06-10,6.8512689126499335,2026-06-10,0,0.0029135026499602645,G202606101045
B202606101050,50065,S078,4,316.0,41.0,36.561997,36.561997,temperature (board),4.983583164599655,5.339666100099655,0.4819833333333333,paired,Isiolo.Isiolo.Ngaremara.Nasuroi.ClaraChlorinationSystem,Treated,0.0,False,2026-06-10 10:50:00+00:00,-0.0215,2026-06-10,5.209253505045659,2026-06-10,0,0.13041259505399605,G202606101045
B202606101110,50053,S079,1,929.0,34.0,31.03125,31.537933,sipm_temperature,6.63200177739563,6.86917365239563,-0.13378906666666665,paired,Isiolo.Isiolo.Ngaremara.Nasuroi.NasuroiBorehole,Source (untreated),0.0,False,2026-06-10 11:10:00+00:00,-0.0215,2026-06-10,6.8512689126499335,2026-06-10,0,0.017904739745696396,G202606101110
B202606101110,50065,S079,4,329.0,39.5,39.336501999999996,39.336501999999996,temperature (board),5.068884424130397,5.484619217130397,0.44664166666666666,paired,Isiolo.Isiolo.Ngaremara.Nasuroi.NasuroiBorehole,Source (untreated),0.0,False,2026-06-10 11:10:00+00:00,-0.0215,2026-06-10,5.209253505045659,2026-06-10,0,0.2753657120847377,G202606101110
B202606101113,50053,S079,1,930.0,34.0,31.109375,31.52031,sipm_temperature,6.633318433280377,6.872169995780377,2.8660156166666666,paired,Isiolo.Isiolo.Ngaremara.Nasuroi.NasuroiBorehole,Source (untreated),0.0,False,2026-06-10 11:13:00+00:00,-0.0215,2026-06-10,6.8512689126499335,2026-06-10,0,0.020901083130443254,G202606101110
B202606101113,50065,S079,4,336.5,40.0,39.389389,39.389389,temperature (board),5.11495472665192,5.53182659015192,0.4376833333333333,paired,Isiolo.Isiolo.Ngaremara.Nasuroi.NasuroiBorehole,Source (untreated),0.0,False,2026-06-10 11:13:00+00:00,-0.0215,2026-06-10,5.209253505045659,2026-06-10,0,0.3225730851062609,G202606101110
B202606101122,50053,S080,1,899.0,33.0,31.1875,31.537933,sipm_temperature,6.591673732008658,6.832204982008658,-0.13444011666666666,paired,,Treated,0.0,False,2026-06-10 11:22:00+00:00,-0.0215,2026-06-10,6.8512689126499335,2026-06-10,0,-0.019063930641275206,G202606101122
B202606101122,50065,S080,2,289.5,40.5,37.7919,37.7919,temperature (board),4.782887273239391,5.16541312323939,1.4527583333333334,paired,,Treated,0.0,False,2026-06-10 11:22:00+00:00,-0.0215,2026-06-10,5.209253505045659,2026-06-10,0,-0.0438403818062687,G202606101122
B202606101125,50053,S080,1,916.0,34.0,31.398438,31.792221,sipm_temperature,6.61472560020376,6.859792017203761,2.869270833333333,paired,,Treated,0.0,False,2026-06-10 11:25:00+00:00,-0.0215,2026-06-10,6.8512689126499335,2026-06-10,0,0.00852310455382721,G202606101122
B202606101125,50065,S080,4,302.0,40.0,37.7919,37.7919,temperature (board),4.882543591400051,5.26506944140005,0.44406666666666667,paired,,Treated,0.0,False,2026-06-10 11:25:00+00:00,-0.0215,2026-06-10,5.209253505045659,2026-06-10,0,0.055815936354391305,G202606101122
B202606100932,50053,S077,1,995.0,33.0,27.859375,27.771454,sipm_temperature,6.715383386334681,6.884359948834681,1.8526692666666666,paired,,Source (untreated),1.0,False,2026-06-10 09:32:00+00:00,-0.0215,2026-06-10,6.8512689126499335,2026-06-10,0,0.0330910361847474,G202606100932
B202606100932,50065,S077,2,317.5,40.0,30.347076,30.347076,temperature (board),4.993776463826897,5.216238597826898,0.9052166666666667,paired,,Source (untreated),1.0,False,2026-06-10 09:32:00+00:00,-0.0215,2026-06-10,5.209253505045659,2026-06-10,0,0.006985092781238933,G202606100932
B202606100937,50053,S077,1,977.0,33.0,28.5,28.720627,sipm_temperature,6.693323668269949,6.8760736682699495,2.8557942666666665,paired,,Source (untreated),0.0,False,2026-06-10 09:37:00+00:00,-0.0215,2026-06-10,6.8512689126499335,2026-06-10,0,0.02480475562001594,G202606100932
B202606100937,50065,S077,4,307.5,41.0,32.913865,32.913865,temperature (board),4.923617305492665,5.197629023328124,-0.09549166666666667,paired,,Source (untreated),0.0,False,2026-06-10 09:37:00+00:00,-0.0215,2026-06-10,5.209253505045659,2026-06-10,0,-0.011624481717534607,G202606100932
B202606110822,50053,S081,1,653.0,33.0,31.179688,31.53038,sipm_temperature,6.180016653652572,6.420379945652572,1.6270833333333334,paired,Isiolo.Garbatulla.Kulamawe 1 (police station).Borehole,Source (untreated),0.0,False,2026-06-11 08:22:00+00:00,-0.0215,2026-06-11,6.76663822170616,2026-06-11,0,-0.3462582760535877,G202606110822
B202606110822,50065,S081,1,300.0,39.0,34.59189,34.59189,temperature (board),4.867534450455582,5.181260085455582,0.91125,paired,Isiolo.Garbatulla.Kulamawe 1 (police station).Borehole,Source (untreated),0.0,False,2026-06-11 08:22:00+00:00,-0.0215,2026-06-11,5.010247396476357,2026-06-11,0,0.17101268897922495,G202606110822
B202606110829,50053,S082,1,638.0,35.0,31.679688,31.905518,sipm_temperature,6.148468295917647,6.399581587917647,0.6302734333333333,paired,Isiolo.Garbatulla.Kulamawe 1 (police station).Borehole,Source (untreated),0.0,False,2026-06-11 08:29:00+00:00,-0.0215,2026-06-11,6.76663822170616,2026-06-11,0,-0.36705663378851217,G202606110829
B202606110829,50065,S082,4,307.0,39.0,37.351288,37.351288,temperature (board),4.919980925828125,5.293033617828125,0.39631666666666665,paired,Isiolo.Garbatulla.Kulamawe 1 (police station).Borehole,Source (untreated),0.0,False,2026-06-11 08:29:00+00:00,-0.0215,2026-06-11,5.010247396476357,2026-06-11,0,0.2827862213517678,G202606110829
B202606110832,50053,S082,1,638.0,35.0,31.679688,31.905518,sipm_temperature,6.148468295917647,6.399581587917647,-2.3697265666666665,paired,Isiolo.Garbatulla.Kulamawe 1 (police station).Borehole,Source (untreated),0.0,False,2026-06-11 08:32:00+00:00,-0.0215,2026-06-11,6.76663822170616,2026-06-11,0,-0.36705663378851217,G202606110829
B202606110832,50065,S082,2,307.0,39.5,37.351288,37.351288,temperature (board),4.919980925828125,5.293033617828125,-0.6060166666666665,paired,Isiolo.Garbatulla.Kulamawe 1 (police station).Borehole,Source (untreated),0.0,False,2026-06-11 08:32:00+00:00,-0.0215,2026-06-11,5.010247396476357,2026-06-11,0,0.2827862213517678,G202606110829
B202606110914,50065,S084,3,274.0,40.0,37.81961,37.81961,temperature (board),4.6443908991413725,5.026700244141373,-0.13093333333333332,paired,Isiolo.Garbatula.Kinna.Kulamawe1 (Police station).Near Old Livestock troughts.Stand tap 1,Treated,0.0,False,2026-06-11 09:14:00+00:00,-0.0215,2026-06-11,5.010247396476357,2026-06-11,0,0.016452847665015646,G202606110914
B202606110916,50053,S084,1,859.0,34.0,31.117188,31.676407,sipm_temperature,6.535241271013659,6.774260813013659,-4.364973966666667,paired,Isiolo.Garbatula.Kinna.Kulamawe1 (Police station).Near Old Livestock troughts.Stand tap 1,Treated,0.0,False,2026-06-11 09:16:00+00:00,-0.0215,2026-06-11,6.76663822170616,2026-06-11,0,0.007622591307499427,G202606110914
B202606110916,50065,S084,1,274.0,40.0,37.78183,37.78183,temperature (board),4.6443908991413725,5.026700244141373,-1.1327166666666666,paired,Isiolo.Garbatula.Kinna.Kulamawe1 (Police station).Near Old Livestock troughts.Stand tap 1,Treated,0.0,False,2026-06-11 09:16:00+00:00,-0.0215,2026-06-11,5.010247396476357,2026-06-11,0,0.016452847665015646,G202606110914
B202606110850,50053,S083,1,887.0,33.0,31.210938,31.62857,sipm_temperature,6.57507584059962,6.81611100759962,3.628776033333333,paired,Isiolo.Garbatula.Kinna.Kulamawe1 (Police station).Near Old Livestock troughts.Stand tap 1,Source (untreated),2.0,False,2026-06-11 08:50:00+00:00,-0.0215,2026-06-11,6.76663822170616,2026-06-11,0,0.04947278589346027,G202606110850
B202606110850,50065,S083,4,285.5,39.0,35.196136,35.196136,temperature (board),4.749261159734807,5.075978083734808,0.38985833333333336,paired,Isiolo.Garbatula.Kinna.Kulamawe1 (Police station).Near Old Livestock troughts.Stand tap 1,Source (untreated),2.0,False,2026-06-11 08:50:00+00:00,-0.0215,2026-06-11,5.010247396476357,2026-06-11,0,0.06573068725845044,G202606110850
B202606110853,50053,S083,1,887.0,33.0,31.210938,31.62857,sipm_temperature,6.57507584059962,6.81611100759962,0.6287760333333333,paired,Isiolo.Garbatula.Kinna.Kulamawe1 (Police station).Near Old Livestock troughts.Stand tap 1,Source (untreated),1.0,False,2026-06-11 08:53:00+00:00,-0.0215,2026-06-11,6.76663822170616,2026-06-11,0,0.04947278589346027,G202606110850
B202606110853,50065,S083,4,290.5,40.0,36.71559,36.71559,temperature (board),4.791641144189393,5.151026329189394,0.383625,paired,Isiolo.Garbatula.Kinna.Kulamawe1 (Police station).Near Old Livestock troughts.Stand tap 1,Source (untreated),1.0,False,2026-06-11 08:53:00+00:00,-0.0215,2026-06-11,5.010247396476357,2026-06-11,0,0.14077893271303665,G202606110850
B202606110856,50053,S083,1,887.0,33.0,31.210938,31.62857,sipm_temperature,6.57507584059962,6.81611100759962,-2.371223966666667,paired,Isiolo.Garbatula.Kinna.Kulamawe1 (Police station).Near Old Livestock troughts.Stand tap 1,Source (untreated),2.0,False,2026-06-11 08:56:00+00:00,-0.0215,2026-06-11,6.76663822170616,2026-06-11,0,0.04947278589346027,G202606110850
B202606110856,50065,S083,4,299.0,39.0,37.341217,37.341217,temperature (board),4.859692204829871,5.232528370329871,0.37585833333333335,paired,Isiolo.Garbatula.Kinna.Kulamawe1 (Police station).Near Old Livestock troughts.Stand tap 1,Source (untreated),2.0,False,2026-06-11 08:56:00+00:00,-0.0215,2026-06-11,5.010247396476357,2026-06-11,0,0.22228097385351386,G202606110850
B202606110924,50053,S085,1,844.0,34.0,31.515625,32.119522,sipm_temperature,6.513230110912307,6.760816048412307,-0.35996095,paired,Isiolo.Garbatula.Kinna.Kulamawe1 (Police station).Near Old Livestock troughts.Stand tap 1,Treated,0.0,False,2026-06-11 09:24:00+00:00,-0.0215,2026-06-11,6.76663822170616,2026-06-11,0,-0.005822173293852373,G202606110924
B202606110924,50065,S085,3,268.0,39.0,38.511963,38.511963,temperature (board),4.584967478670572,4.9835456226345896,0.8589,paired,Isiolo.Garbatula.Kinna.Kulamawe1 (Police station).Near Old Livestock troughts.Stand tap 1,Treated,0.0,False,2026-06-11 09:24:00+00:00,-0.0215,2026-06-11,5.010247396476357,2026-06-11,0,-0.02670177384176764,G202606110924
B202606110929,50053,S085,1,840.0,34.0,31.625,32.041473,sipm_temperature,6.507277712385012,6.757215212385011,0.6401041666666667,paired,Isiolo.Garbatula.Kinna.Kulamawe1 (Police station).Near Old Livestock troughts.Stand tap 1,Treated,0.0,False,2026-06-11 09:29:00+00:00,-0.0215,2026-06-11,6.76663822170616,2026-06-11,0,-0.009423009321148257,G202606110924
B202606110929,50065,S085,4,270.0,39.5,38.552246,38.552246,temperature (board),4.605170185988092,5.004043474988092,0.35118333333333335,paired,Isiolo.Garbatula.Kinna.Kulamawe1 (Police station).Near Old Livestock troughts.Stand tap 1,Treated,0.0,False,2026-06-11 09:29:00+00:00,-0.0215,2026-06-11,5.010247396476357,2026-06-11,0,-0.006203921488265429,G202606110924
