Deployment,Enumerator > Username,Submitted On,Water Sampling Site > Name,Date and time of water sample ,Lume Barcode,Second Lume Barcode,Replicate 1: E Coli CFU / 100 ,Replicate 1: Total Coliform CF,In what timezone was the sampl,Type of Enumeration,Is the enumeration past detect,Type of Water,In what timezone was this surv,Chlorine residual concentratio
Lume 1.2 - 2026,E1,2026-05-25 15:20:56,LSC15529,2026-05-25 10:12:00,50065,50045,0,,UTC+02:00 Central Africa Time (Rwanda),CBT,No ( < 100 CFU/100 mL),Treated,,
Lume 1.2 - 2026,E1,2026-05-25 15:22:11,LSC11397,2026-05-25 10:26:00,50065,50045,0,,UTC+02:00 Central Africa Time (Rwanda),CBT,No ( < 100 CFU/100 mL),Treated,,
Lume 1.2 - 2026,E1,2026-05-25 15:23:12,LSC15371,2026-05-25 10:35:00,50065,50045,0,,UTC+02:00 Central Africa Time (Rwanda),CBT,No ( < 100 CFU/100 mL),Treated,,
Lume 1.2 - 2026,E1,2026-05-25 15:24:44,LSC11400,2026-05-25 10:45:00,50065,50045,0,,UTC+02:00 Central Africa Time (Rwanda),CBT,No ( < 100 CFU/100 mL),Treated,,
Lume 1.2 - 2026,E1,2026-05-25 15:27:23,LSC15206,2026-05-25 11:07:00,50065,50045,0,,UTC+02:00 Central Africa Time (Rwanda),CBT,No ( < 100 CFU/100 mL),Treated,,
Lume 1.2 - 2026,E1,2026-05-25 18:50:17,LSC15206,2026-05-25 10:55:00,50065,50045,48,,UTC+02:00 Central Africa Time (Rwanda),CBT,No ( < 100 CFU/100 mL),Treated,,
Lume 1.2 - 2026,E1,2026-05-26 15:32:48,Kamonyi. EP Rwishwima. Near nursery class2. Rain water tank,2026-05-25 11:16:00,50065,50045,5,,UTC+02:00 Central Africa Time (Rwanda),CBT,No ( < 100 CFU/100 mL),Source (untreated),,
Lume 1.2 - 2026,E1,2026-05-26 15:34:00,Kamonyi. EP Rwishwima. In front of the kitchen. Rain water tank,2026-05-25 11:20:00,50065,50045,5,,UTC+02:00 Central Africa Time (Rwanda),CBT,No ( < 100 CFU/100 mL),Source (untreated),,
Lume 1.2 - 2026,E1,2026-05-26 15:35:53,Kamonyi. EP Rwishwima. Between nursery class1 and nursery class2. Spring water tap,2026-05-25 11:30:00,50065,50045,0,,UTC+02:00 Central Africa Time (Rwanda),CBT,No ( < 100 CFU/100 mL),Source (untreated),,
Lume 1.2 - 2026,E1,2026-05-26 15:37:06,Kamonyi. EP Rwishwima. Between nursery class1 and nursery class2. Spring water tap,2026-05-25 11:33:00,50065,50045,0,,UTC+02:00 Central Africa Time (Rwanda),CBT,No ( < 100 CFU/100 mL),Source (untreated),,
Lume 1.2 - 2026,E1,2026-05-26 15:39:10,Kamonyi. EP Rwishwima. Near the toilets. Rain water tank,2026-05-25 11:42:00,50065,50045,0,,UTC+02:00 Central Africa Time (Rwanda),CBT,No ( < 100 CFU/100 mL),Source (untreated),,
Lume 1.2 - 2026,E1,2026-05-26 15:40:11,Kamonyi. EP Rwishwima. Near the toilets. Rain water tank,2026-05-25 11:45:00,50065,50045,0,,UTC+02:00 Central Africa Time (Rwanda),CBT,No ( < 100 CFU/100 mL),Source (untreated),,
Lume 1.2 - 2026,E1,2026-05-27 16:38:58,LSC15197,2026-05-26 09:43:00,50065,50045,3,,UTC+02:00 Central Africa Time (Rwanda),CBT,No ( < 100 CFU/100 mL),Treated,,
Lume 1.2 - 2026,E1,2026-05-27 16:40:32,LSC11394,2026-05-26 09:51:00,50065,50045,0,,UTC+02:00 Central Africa Time (Rwanda),CBT,No ( < 100 CFU/100 mL),Treated,,
Lume 1.2 - 2026,E1,2026-05-27 16:41:51,LSC15145,2026-05-26 10:00:00,50065,50045,0,,UTC+02:00 Central Africa Time (Rwanda),CBT,No ( < 100 CFU/100 mL),Treated,,
Lume 1.2 - 2026,E1,2026-05-27 16:43:29,LSC11379,2026-05-26 10:17:00,50065,50045,0,,UTC+02:00 Central Africa Time (Rwanda),CBT,No ( < 100 CFU/100 mL),Treated,,
Lume 1.2 - 2026,E1,2026-05-27 16:45:14,LSC11391,2026-05-26 10:07:00,50065,50045,1,,UTC+02:00 Central Africa Time (Rwanda),CBT,No ( < 100 CFU/100 mL),Treated,,
Lume 1.2 - 2026,E1,2026-05-27 16:47:05,Kamonyi. EP Nyakabuye. Beside P6A classroom. Rain water tank,2026-05-26 10:52:00,50065,50045,0,,UTC+02:00 Central Africa Time (Rwanda),CBT,No ( < 100 CFU/100 mL),Source (untreated),,
Lume 1.2 - 2026,E1,2026-05-27 16:48:24,Kamonyi. EP Nyakabuye. Beside P6A classroom. Rain water tank,2026-05-26 10:54:00,50065,50045,0,,UTC+02:00 Central Africa Time (Rwanda),CBT,No ( < 100 CFU/100 mL),Source (untreated),,
Lume 1.2 - 2026,E1,2026-05-27 16:49:46,Kamonyi. EP Nyakabuye. Beside P6A classroom. Rain water tank,2026-05-26 10:44:00,50065,50045,33,,UTC+02:00 Central Africa Time (Rwanda),CBT,No ( < 100 CFU/100 mL),Source (untreated),,
Lume 1.2 - 2026,E1,2026-05-27 16:51:14,Kamonyi. EP Nyakabuye. Beside P6A classroom. Rain water tank,2026-05-26 10:46:00,50065,50045,33,,UTC+02:00 Central Africa Time (Rwanda),CBT,No ( < 100 CFU/100 mL),Source (untreated),,
Lume 1.2 - 2026,E1,2026-05-27 16:54:17,LSC15380,2026-05-26 10:33:00,50065,50045,100,,UTC+02:00 Central Africa Time (Rwanda),CBT,Yes ( > 100 CFU/100 mL),Treated,,
Lume 1.2 - 2026,E1,2026-05-28 10:40:41,LSC11525,2026-05-27 08:36:00,50065,50045,0,,UTC+02:00 Central Africa Time (Rwanda),CBT,No ( < 100 CFU/100 mL),Treated,,
Lume 1.2 - 2026,E1,2026-05-28 10:45:09,LSC11517,2026-05-27 08:45:00,50065,50045,0,,UTC+02:00 Central Africa Time (Rwanda),CBT,No ( < 100 CFU/100 mL),Treated,,
Lume 1.2 - 2026,E1,2026-05-28 10:46:51,LSC15487,2026-05-27 08:53:00,50065,50045,0,,UTC+02:00 Central Africa Time (Rwanda),CBT,No ( < 100 CFU/100 mL),Treated,,
Lume 1.2 - 2026,E1,2026-05-28 10:48:12,LSC15484,2026-05-27 09:03:00,50065,50045,0,,UTC+02:00 Central Africa Time (Rwanda),CBT,No ( < 100 CFU/100 mL),Treated,,
Lume 1.2 - 2026,E1,2026-05-28 10:49:32,LSC11469,2026-05-27 09:20:00,50065,50045,0,,UTC+02:00 Central Africa Time (Rwanda),CBT,No ( < 100 CFU/100 mL),Treated,,
Lume 1.2 - 2026,E1,2026-05-28 10:51:16,LSC11558,2026-05-27 09:30:00,50065,50045,0,,UTC+02:00 Central Africa Time (Rwanda),CBT,No ( < 100 CFU/100 mL),Treated,,
Lume 1.2 - 2026,E1,2026-05-28 10:58:25,Kamonyi. EP Nyakabungo. Near new kitchen. Spring water tap,2026-05-27 09:39:00,50065,50045,0,,UTC+02:00 Central Africa Time (Rwanda),CBT,No ( < 100 CFU/100 mL),Source (untreated),,
Lume 1.2 - 2026,E1,2026-05-28 11:01:09,Kamonyi. EP Nyakabungo. Behind P3A classroom. Rain water tank,2026-05-27 09:54:00,50065,50045,0,,UTC+02:00 Central Africa Time (Rwanda),CBT,No ( < 100 CFU/100 mL),Source (untreated),,
Lume 1.2 - 2026,E1,2026-05-29 07:53:22,Fake.Kicukiro.Amazi Meza warehouse.Kagina. Spring water,2026-05-28 08:14:00,50065,50045,0,,UTC+02:00 Central Africa Time (Rwanda),CBT,No ( < 100 CFU/100 mL),Source (untreated),,
Lume 1.2 - 2026,E1,2026-05-29 07:54:27,Fake.Kicukiro.Amazi Meza warehouse.Rugando.Stream water,2026-05-28 08:33:00,50065,50045,48,,UTC+02:00 Central Africa Time (Rwanda),CBT,No ( < 100 CFU/100 mL),Source (untreated),,
Lume 1.2 - 2026,E1,2026-05-29 07:55:36,Fake.Kicukiro. Amazi Meza warehouse.Kanengwa. Spring water,2026-05-28 09:03:00,50065,50045,0,,UTC+02:00 Central Africa Time (Rwanda),CBT,No ( < 100 CFU/100 mL),Source (untreated),,
Lume 1.2 - 2026,E1,2026-05-29 07:57:31,Fake.Kicukiro.Amazi Meza warehouse.Iriba.Spring water ,2026-05-28 09:11:00,50065,50045,5,,UTC+02:00 Central Africa Time (Rwanda),CBT,No ( < 100 CFU/100 mL),Source (untreated),,
Lume 1.2 - 2026,E1,2026-05-29 07:58:24,Fake.Kicukiro.Amazi Meza warehouse.Inindi House.Rainwater tank,2026-05-28 09:52:00,50065,50045,0,,UTC+02:00 Central Africa Time (Rwanda),CBT,No ( < 100 CFU/100 mL),Source (untreated),,
Lume 1.2 - 2026,E1,2026-05-30 17:37:07,Fake.Kicukiro.Amazi Meza warehouse.Nyirakanamba I.Water Stream,2026-05-29 08:43:00,50065,50045,100,,UTC+02:00 Central Africa Time (Rwanda),CBT,Yes ( > 100 CFU/100 mL),Source (untreated),UTC+02:00 Central Africa Time (Rwanda),
Lume 1.2 - 2026,E1,2026-05-30 17:38:05,Fake.Kicukiro.Amazi Meza wahehouse.Nyirakanamba II. Water pipe,2026-05-29 08:54:00,50065,50045,100,,UTC+02:00 Central Africa Time (Rwanda),CBT,Yes ( > 100 CFU/100 mL),Source (untreated),UTC+02:00 Central Africa Time (Rwanda),
Lume 1.2 - 2026,E1,2026-05-30 17:38:59,Fake.Kicukiro.Amazi Meza wahehouse.Nyirakanamba II. Water pipe,2026-05-29 09:01:00,50065,50045,100,,UTC+02:00 Central Africa Time (Rwanda),CBT,Yes ( > 100 CFU/100 mL),Source (untreated),UTC+02:00 Central Africa Time (Rwanda),
Lume 1.2 - 2026,E1,2026-05-30 17:40:10,Fake.Kicukiro.Amazi Meza warehouse.Kabeza.Stream Water,2026-05-29 09:28:00,50065,50045,100,,UTC+02:00 Central Africa Time (Rwanda),CBT,Yes ( > 100 CFU/100 mL),Source (untreated),UTC+02:00 Central Africa Time (Rwanda),
Lume 1.2 - 2026,E1,2026-05-30 17:41:13,Fake.Kicukiro.Amazi Meza warehouse.Kabeza.Stream Water,2026-05-29 09:36:00,50065,50045,100,,UTC+02:00 Central Africa Time (Rwanda),CBT,Yes ( > 100 CFU/100 mL),Source (untreated),UTC+02:00 Central Africa Time (Rwanda),
Lume 1.2 - 2026,E1,2026-05-30 17:42:27,Fake.Kicukiro.Amazi Meza warehouse.Sahara.Stream water,2026-05-29 09:48:00,50065,50045,100,,UTC+02:00 Central Africa Time (Rwanda),CBT,Yes ( > 100 CFU/100 mL),Source (untreated),UTC+02:00 Central Africa Time (Rwanda),
Lume 1.2 - 2026,E1,2026-05-30 17:43:32,Fake.Kicukiro.Amazi Meza warehouse.Rugando.Stream water,2026-05-29 10:20:00,50065,50045,100,,UTC+02:00 Central Africa Time (Rwanda),CBT,Yes ( > 100 CFU/100 mL),Source (untreated),UTC+02:00 Central Africa Time (Rwanda),
Lume 1.2 - 2026,E1,2026-05-30 17:44:40,Fake.Kicukiro.Amazi Meza warehouse.Rugando.Stream water,2026-05-29 10:27:00,50065,50045,100,,UTC+02:00 Central Africa Time (Rwanda),CBT,Yes ( > 100 CFU/100 mL),Source (untreated),UTC+02:00 Central Africa Time (Rwanda),
Lume 1.2 - 2026,E1,2026-06-02 14:20:55,Fake.Kicukiro.Amazi Meza wahehouse.Nyirakanamba II. Water pipe,2026-05-30 12:05:00,50065,50045,100,,UTC+02:00 Central Africa Time (Rwanda),CBT,Yes ( > 100 CFU/100 mL),Source (untreated),UTC+03:00 East Africa Time (Kenya),
Lume 1.2 - 2026,E1,2026-06-02 14:22:47,Fake.Kicukiro.Amazi Meza warehouse.Nyirakanamba I.Water Stream,2026-05-30 12:21:00,50065,50045,100,,UTC+02:00 Central Africa Time (Rwanda),CBT,Yes ( > 100 CFU/100 mL),Source (untreated),UTC+03:00 East Africa Time (Kenya),
Lume 1.2 - 2026,E1,2026-06-02 14:24:03,Fake.Kicukiro.Amazi Meza warehouse.Nyirakanamba I.Water Stream,2026-05-30 12:28:00,50065,50045,100,,UTC+02:00 Central Africa Time (Rwanda),CBT,Yes ( > 100 CFU/100 mL),Source (untreated),UTC+03:00 East Africa Time (Kenya),
Lume 1.2 - 2026,E1,2026-06-02 14:27:19,Fake.Kicukiro.Amazi Meza warehouse.Kabeza.Stream Water,2026-05-30 13:12:00,50065,50045,100,,UTC+02:00 Central Africa Time (Rwanda),CBT,Yes ( > 100 CFU/100 mL),Source (untreated),UTC+03:00 East Africa Time (Kenya),
Lume 1.2 - 2026,E1,2026-06-02 14:28:21,Fake.Kicukiro.Amazi Meza warehouse.Kabeza.Stream Water,2026-05-30 13:04:00,50065,50045,100,,UTC+02:00 Central Africa Time (Rwanda),CBT,Yes ( > 100 CFU/100 mL),Source (untreated),UTC+03:00 East Africa Time (Kenya),
Lume 1.2 - 2026,E1,2026-06-02 14:30:18,Fake.Kicukiro.Amazi Meza warehouse.Sahara.Stream water,2026-05-30 13:26:00,50065,50045,100,,UTC+02:00 Central Africa Time (Rwanda),CBT,Yes ( > 100 CFU/100 mL),Source (untreated),UTC+03:00 East Africa Time (Kenya),
Lume 1.2 - 2026,E1,2026-06-02 14:31:09,Fake.Kicukiro.Amazi Meza warehouse.Sahara.Stream water,2026-05-30 13:33:00,50065,50045,100,,UTC+02:00 Central Africa Time (Rwanda),CBT,Yes ( > 100 CFU/100 mL),Source (untreated),,
Lume 1.2 - 2026,E1,2026-06-04 06:36:13,,2026-06-01 07:43:00,50065,,0,,UTC+03:00 East Africa Time (Kenya),CBT,No ( < 100 CFU/100 mL),Source (untreated),UTC+03:00 East Africa Time (Kenya),
Lume 1.2 - 2026,E1,2026-06-04 06:37:08,,2026-06-01 07:57:00,50065,,0,,UTC+03:00 East Africa Time (Kenya),CBT,No ( < 100 CFU/100 mL),Source (untreated),UTC+03:00 East Africa Time (Kenya),
Lume 1.2 - 2026,E1,2026-06-04 06:38:39,,2026-06-01 08:04:00,50065,,100,,UTC+03:00 East Africa Time (Kenya),CBT,Yes ( > 100 CFU/100 mL),Source (untreated),UTC+03:00 East Africa Time (Kenya),
Lume 1.2 - 2026,E1,2026-06-04 06:40:08,,2026-06-01 08:18:00,50065,,14,,UTC+03:00 East Africa Time (Kenya),CBT,No ( < 100 CFU/100 mL),Source (untreated),UTC+03:00 East Africa Time (Kenya),
Lume 1.2 - 2026,E1,2026-06-04 06:41:45,,2026-06-01 08:26:00,50065,,0,,UTC+03:00 East Africa Time (Kenya),CBT,No ( < 100 CFU/100 mL),Source (untreated),UTC+03:00 East Africa Time (Kenya),
Lume 1.2 - 2026,E1,2026-06-04 06:42:56,,2026-06-01 08:42:00,50065,,3,,UTC+03:00 East Africa Time (Kenya),CBT,No ( < 100 CFU/100 mL),Source (untreated),UTC+03:00 East Africa Time (Kenya),
Lume 1.2 - 2026,E1,2026-06-04 06:43:55,,2026-06-01 08:44:00,50065,,0,,UTC+03:00 East Africa Time (Kenya),CBT,No ( < 100 CFU/100 mL),Source (untreated),UTC+03:00 East Africa Time (Kenya),
Lume 1.2 - 2026,E1,2026-06-06 08:16:14,,2026-06-02 10:35:00,50065,,100,,UTC+03:00 East Africa Time (Kenya),CBT,Yes ( > 100 CFU/100 mL),Source (untreated),UTC+03:00 East Africa Time (Kenya),0
Lume 1.2 - 2026,E1,2026-06-06 08:19:06,,2026-06-03 10:25:00,50053,,100,,UTC+03:00 East Africa Time (Kenya),CBT,Yes ( > 100 CFU/100 mL),Source (untreated),UTC+03:00 East Africa Time (Kenya),0
Lume 1.2 - 2026,E1,2026-06-06 08:20:23,,2026-06-04 08:45:00,50065,50053,0,,UTC+03:00 East Africa Time (Kenya),CBT,No ( < 100 CFU/100 mL),Treated,UTC+03:00 East Africa Time (Kenya),0.2
Lume 1.2 - 2026,E1,2026-06-06 08:21:28,,2026-06-04 09:02:00,50065,50053,0,,UTC+03:00 East Africa Time (Kenya),CBT,No ( < 100 CFU/100 mL),Treated,UTC+03:00 East Africa Time (Kenya),0.2
Lume 1.2 - 2026,E1,2026-06-06 08:23:21,,2026-06-04 09:54:00, 50065,50053,100,,UTC+03:00 East Africa Time (Kenya),CBT,Yes ( > 100 CFU/100 mL),Source (untreated),UTC+03:00 East Africa Time (Kenya),0
Lume 1.2 - 2026,E1,2026-06-06 08:24:16,,2026-06-04 09:56:00,50065,,100,,UTC+03:00 East Africa Time (Kenya),CBT,Yes ( > 100 CFU/100 mL),Source (untreated),UTC+03:00 East Africa Time (Kenya),0
Lume 1.2 - 2026,E1,2026-06-06 08:25:03,,2026-06-04 09:58:00,50065,,100,,UTC+03:00 East Africa Time (Kenya),CBT,Yes ( > 100 CFU/100 mL),Source (untreated),UTC+03:00 East Africa Time (Kenya),0
Lume 1.2 - 2026,E1,2026-06-10 19:13:56,Turkana.Loima.Turkwel.Lorgum.100m near church.Concrete fixed public stand Tap 2,2026-06-02 07:48:00,50065,,0,,UTC+03:00 East Africa Time (Kenya),CBT,No ( < 100 CFU/100 mL),Treated,UTC+03:00 East Africa Time (Kenya),0.25
Lume 1.2 - 2026,E1,2026-06-10 19:15:43,Turkana.Loima.Turkwel.Lorgum.100m near church.Concrete fixed public stand Tap 2,2026-06-02 08:00:00,50065,,0,,UTC+03:00 East Africa Time (Kenya),CBT,No ( < 100 CFU/100 mL),Treated,UTC+03:00 East Africa Time (Kenya),0.25
Lume 1.2 - 2026,E1,2026-06-10 19:17:16,Turkana.Loima.Turkwel.Lorgum.Aqutab inline chlorine unit,2026-06-02 08:18:00,50065,,0,,UTC+03:00 East Africa Time (Kenya),CBT,No ( < 100 CFU/100 mL),Treated,UTC+03:00 East Africa Time (Kenya),25
Lume 1.2 - 2026,E1,2026-06-10 19:18:29,,2026-06-02 08:43:00,50065,,0,,UTC+03:00 East Africa Time (Kenya),CBT,No ( < 100 CFU/100 mL),Treated,UTC+03:00 East Africa Time (Kenya),0
Lume 1.2 - 2026,E1,2026-06-10 19:19:43,Turkana.Loima.Turkwel.Lorgum.East of treatement.Concrete fixed Public Stand Tap 4,2026-06-02 09:04:00,50065,,0,,UTC+03:00 East Africa Time (Kenya),CBT,No ( < 100 CFU/100 mL),Treated,UTC+03:00 East Africa Time (Kenya),0.25
Lume 1.2 - 2026,E1,2026-06-10 19:20:47,Turkana.Loima.Turkwel.Lorgum.Nearest to 32m3 steel tank.Concrete fixed Public Stand Tap 1,2026-06-02 09:16:00,50065,,0,,UTC+03:00 East Africa Time (Kenya),CBT,No ( < 100 CFU/100 mL),Treated,UTC+03:00 East Africa Time (Kenya),0.25
Lume 1.2 - 2026,E1,2026-06-10 19:21:49,Turkana.Loima.Turkwel.Lorgum.Behind grass roof house.Concrete fixed Public Stand Tap 3,2026-06-02 10:16:00,50065,,0,,UTC+03:00 East Africa Time (Kenya),CBT,No ( < 100 CFU/100 mL),Treated,UTC+03:00 East Africa Time (Kenya),0.25
Lume 1.2 - 2026,E1,2026-06-10 19:22:55,Turkana.Loima.Turkwel.Lorgum.100m near church.Concrete fixed public stand Tap 2,2026-06-02 10:28:00,50065,,0,,UTC+03:00 East Africa Time (Kenya),CBT,No ( < 100 CFU/100 mL),Treated,UTC+03:00 East Africa Time (Kenya),0.25
Lume 1.2 - 2026,E1,2026-06-10 19:24:21,Turkana.Loima.Turkwel.Lorgum.100m near church.Concrete fixed public stand Tap 2,2026-06-02 10:30:00,50065,,0,,UTC+03:00 East Africa Time (Kenya),CBT,No ( < 100 CFU/100 mL),Treated,UTC+03:00 East Africa Time (Kenya),0.25
Lume 1.2 - 2026,E1,2026-06-10 19:25:23,Turkana.Turkana West.Kakuma.Nakoyo.100m from the Tank.Public Stand Tap 2,2026-06-03 08:43:00,50065,50053,0,,UTC+03:00 East Africa Time (Kenya),CBT,No ( < 100 CFU/100 mL),Treated,UTC+03:00 East Africa Time (Kenya),0.5
Lume 1.2 - 2026,E1,2026-06-10 19:26:32,Turkana.Turkana West.Kakuma.Nakoyo.100m from the Tank.Public Stand Tap 2,2026-06-03 08:46:00,50065,50053,0,,UTC+03:00 East Africa Time (Kenya),CBT,No ( < 100 CFU/100 mL),Treated,UTC+03:00 East Africa Time (Kenya),0.5
Lume 1.2 - 2026,E1,2026-06-10 19:27:32,Turkana.Turkana West.Kakuma.Nakoyo.500m East.Public Stand Tap 3,2026-06-03 09:11:00,50065,50053,0,,UTC+03:00 East Africa Time (Kenya),CBT,No ( < 100 CFU/100 mL),Treated,UTC+03:00 East Africa Time (Kenya),0.25
Lume 1.2 - 2026,E1,2026-06-10 19:28:23,Turkana.Turkana West.Kakuma.Nakoyo.500m East.Public Stand Tap 3,2026-06-03 09:14:00,50065,50053,0,,UTC+03:00 East Africa Time (Kenya),CBT,No ( < 100 CFU/100 mL),Treated,UTC+03:00 East Africa Time (Kenya),0.25
Lume 1.2 - 2026,E1,2026-06-10 19:29:25,Turkana.Turkana West. Kakuma.Nakoyo.Adjacent to 5m3 PVC tank.Public Tap Stand 4,2026-06-03 09:31:00,50065,50053,0,,UTC+03:00 East Africa Time (Kenya),CBT,No ( < 100 CFU/100 mL),Treated,UTC+03:00 East Africa Time (Kenya),0.2
Lume 1.2 - 2026,E1,2026-06-10 19:30:11,Turkana.Turkana West. Kakuma.Nakoyo.Adjacent to 5m3 PVC tank.Public Tap Stand 4,2026-06-03 09:33:00,50065,50053,0,,UTC+03:00 East Africa Time (Kenya),CBT,No ( < 100 CFU/100 mL),Treated,UTC+03:00 East Africa Time (Kenya),0.2
Lume 1.2 - 2026,E1,2026-06-10 19:31:02,Turkana.Turkana West.Kakuma.Nakoyo.Public Stand Tap 6,2026-06-03 09:58:00,50065,50053,0,,UTC+03:00 East Africa Time (Kenya),CBT,No ( < 100 CFU/100 mL),Treated,UTC+03:00 East Africa Time (Kenya),2
Lume 1.2 - 2026,E1,2026-06-10 19:33:13,Turkana.Turkana South. Lokichar. Kimabur.Kimabur school.Public Stand Tap 1 ,2026-06-04 08:11:00,50065,50053,0,,UTC+03:00 East Africa Time (Kenya),CBT,No ( < 100 CFU/100 mL),Treated,UTC+03:00 East Africa Time (Kenya),0.3
Lume 1.2 - 2026,E1,2026-06-10 19:34:45,Turkana.Turkana South.Lokichar.Kimabur.Concrete fixed Public Stand Tap 3,2026-06-04 08:27:00,50065,50053,0,,UTC+03:00 East Africa Time (Kenya),CBT,No ( < 100 CFU/100 mL),Treated,UTC+03:00 East Africa Time (Kenya),0.1
Lume 1.2 - 2026,E1,2026-06-10 19:35:38,Turkana.Turkana South. Lokichar. Kimabur.Kimabur school.Public Stand Tap 1 ,2026-06-04 08:13:00,50065,50053,0,,UTC+03:00 East Africa Time (Kenya),CBT,No ( < 100 CFU/100 mL),Treated,UTC+03:00 East Africa Time (Kenya),0.3
Lume 1.2 - 2026,E1,2026-06-10 19:36:29,Turkana.Turkana South.Lokichar.Kimabur.Concrete fixed Public Stand Tap 3,2026-06-04 08:29:00,50065,50053,0,,UTC+03:00 East Africa Time (Kenya),CBT,No ( < 100 CFU/100 mL),Treated,UTC+03:00 East Africa Time (Kenya),0.1
Lume 1.2 - 2026,E1,2026-06-10 19:37:12,Turkana.Turkana South.Lokichar.Kimabur.Concrete fixed Public Stand Tap 3,2026-06-04 08:33:00,50065,50053,0,,UTC+03:00 East Africa Time (Kenya),CBT,No ( < 100 CFU/100 mL),Treated,UTC+03:00 East Africa Time (Kenya),0.1
Lume 1.2 - 2026,E1,2026-06-10 19:39:23,Isiolo.Isiolo.Ngaremara.Kona (Ngalabilabia).KonaBorehole,2026-06-09 06:54:00,50065,50053,0,,UTC+03:00 East Africa Time (Kenya),CBT,No ( < 100 CFU/100 mL),Source (untreated),UTC+03:00 East Africa Time (Kenya),0
Lume 1.2 - 2026,E1,2026-06-10 19:40:18,Isiolo.Isiolo.Ngaremara.Kona (Ngalabilabia).KonaBorehole,2026-06-09 06:56:00,50065,50053,0,,UTC+03:00 East Africa Time (Kenya),CBT,No ( < 100 CFU/100 mL),Source (untreated),UTC+03:00 East Africa Time (Kenya),0
Lume 1.2 - 2026,E1,2026-06-10 19:41:22,Isiolo.Isiolo.Ngaremara.Kona (Ngalabilabia).KonaBorehole,2026-06-09 06:59:00,50065,50053,0,,UTC+03:00 East Africa Time (Kenya),CBT,No ( < 100 CFU/100 mL),Source (untreated),UTC+03:00 East Africa Time (Kenya),0
Lume 1.2 - 2026,E1,2026-06-10 19:42:23,Isiolo.Isiolo.Ngaremara.Kona (Ngalabilabia).KonaBorehole,2026-06-09 07:01:00,50065,50053,0,,UTC+03:00 East Africa Time (Kenya),CBT,No ( < 100 CFU/100 mL),Source (untreated),UTC+03:00 East Africa Time (Kenya),0
Lume 1.2 - 2026,E1,2026-06-10 19:43:10,Isiolo.Isiolo.Ngaremara.Kona (Ngalabilabia).KonaBorehole,2026-06-09 07:04:00,50065,50053,0,,UTC+03:00 East Africa Time (Kenya),CBT,No ( < 100 CFU/100 mL),Source (untreated),UTC+03:00 East Africa Time (Kenya),0
Lume 1.2 - 2026,E1,2026-06-10 19:44:47,Isiolo.Isiolo.Ngaremara.Kona(Ngalabilabia).NearestToBorehole.KonaWaterKiosk,2026-06-09 07:20:00,50065,50053,1,,UTC+03:00 East Africa Time (Kenya),CBT,No ( < 100 CFU/100 mL),Treated,UTC+03:00 East Africa Time (Kenya),0
Lume 1.2 - 2026,E1,2026-06-10 19:46:16,Isiolo.Isiolo.Ngaremara.Kona(Ngalabilabia).NearestToBorehole.KonaWaterKiosk,2026-06-09 07:23:00,50065,50053,2,,UTC+03:00 East Africa Time (Kenya),CBT,No ( < 100 CFU/100 mL),Treated,UTC+03:00 East Africa Time (Kenya),0
Lume 1.2 - 2026,E1,2026-06-10 19:47:09,Isiolo.Isiolo.Ngaremara.Kona(Ngalabilabia).NearestToBorehole.KonaWaterKiosk,2026-06-09 07:26:00,50065,50053,2,,UTC+03:00 East Africa Time (Kenya),CBT,No ( < 100 CFU/100 mL),Treated,UTC+03:00 East Africa Time (Kenya),0
Lume 1.2 - 2026,E1,2026-06-10 19:48:47,Isiolo.Isiolo.Ngaremara.Kona(Ngalabilabia).NextToSignPost.ArmartiJuuWaterKiosk,2026-06-09 07:48:00,50065,50053,14,,UTC+03:00 East Africa Time (Kenya),CBT,No ( < 100 CFU/100 mL),Treated,UTC+03:00 East Africa Time (Kenya),0
Lume 1.2 - 2026,E1,2026-06-10 19:49:43,Isiolo.Isiolo.Ngaremara.Kona(Ngalabilabia).NextToSignPost.ArmartiJuuWaterKiosk,2026-06-09 07:51:00,50065,50053,5,,UTC+03:00 East Africa Time (Kenya),CBT,No ( < 100 CFU/100 mL),Treated,UTC+03:00 East Africa Time (Kenya),0
Lume 1.2 - 2026,E1,2026-06-10 19:50:38,Isiolo.Isiolo.Ngaremara.Kona(Ngalabilabia).NextToSignPost.ArmartiJuuWaterKiosk,2026-06-09 07:53:00,50065,50053,5,,UTC+03:00 East Africa Time (Kenya),CBT,No ( < 100 CFU/100 mL),Treated,UTC+03:00 East Africa Time (Kenya),0
Lume 1.2 - 2026,E1,2026-06-10 19:53:09,Isiolo.Isiolo.Ngaremara.Near50m3ElevatedSteelTank.ZebraCenterWaterKiosk,2026-06-09 08:28:00,50065,50053,0,,UTC+03:00 East Africa Time (Kenya),CBT,No ( < 100 CFU/100 mL),Treated,UTC+03:00 East Africa Time (Kenya),0
Lume 1.2 - 2026,E1,2026-06-10 19:54:14,Isiolo.Isiolo.Ngaremara.Near50m3ElevatedSteelTank.ZebraCenterWaterKiosk,2026-06-09 08:30:00,50065,50053,0,,UTC+03:00 East Africa Time (Kenya),CBT,No ( < 100 CFU/100 mL),Treated,UTC+03:00 East Africa Time (Kenya),0
Lume 1.2 - 2026,E1,2026-06-10 19:55:03,Isiolo.Isiolo.Ngaremara.Near50m3ElevatedSteelTank.ZebraCenterWaterKiosk,2026-06-09 08:33:00,50065,50053,0,,UTC+03:00 East Africa Time (Kenya),CBT,No ( < 100 CFU/100 mL),Treated,UTC+03:00 East Africa Time (Kenya),0
Lume 1.2 - 2026,E1,2026-06-10 20:00:31,,2026-06-09 08:45:00,50065,50053,1,,UTC+03:00 East Africa Time (Kenya),CBT,No ( < 100 CFU/100 mL),Treated,UTC+03:00 East Africa Time (Kenya),0
Lume 1.2 - 2026,E1,2026-06-10 20:01:22,,2026-06-09 08:48:00,50065,50053,0,,UTC+03:00 East Africa Time (Kenya),CBT,No ( < 100 CFU/100 mL),Treated,UTC+03:00 East Africa Time (Kenya),0
Lume 1.2 - 2026,E1,2026-06-11 17:53:59,,2026-06-10 07:26:00,50065,50053,0,,UTC+03:00 East Africa Time (Kenya),CBT,No ( < 100 CFU/100 mL),Source (untreated),UTC+03:00 East Africa Time (Kenya),0
Lume 1.2 - 2026,E1,2026-06-11 17:55:06,,2026-06-10 07:30:00,50065,50053,0,,UTC+03:00 East Africa Time (Kenya),CBT,No ( < 100 CFU/100 mL),Source (untreated),UTC+03:00 East Africa Time (Kenya),0
Lume 1.2 - 2026,E1,2026-06-11 17:57:02,Isiolo.Isiolo.Ngaremara.Nasuroi.NearestToFarm.WaterKiosk2,2026-06-10 07:53:00,50065,50053,14,,UTC+03:00 East Africa Time (Kenya),CBT,No ( < 100 CFU/100 mL),Source (untreated),UTC+03:00 East Africa Time (Kenya),0
Lume 1.2 - 2026,E1,2026-06-11 17:58:12,Isiolo.Isiolo.Ngaremara.Nasuroi.NearestToFarm.WaterKiosk2,2026-06-10 07:57:00,50065,50053,48,,UTC+03:00 East Africa Time (Kenya),CBT,No ( < 100 CFU/100 mL),Source (untreated),UTC+03:00 East Africa Time (Kenya),0
Lume 1.2 - 2026,E1,2026-06-11 18:00:00,Isiolo.Isiolo.Ngaremara.Nasuroi.ClaraChlorinationSystem,2026-06-10 10:45:00,50065,50053,0,,UTC+03:00 East Africa Time (Kenya),CBT,No ( < 100 CFU/100 mL),Treated,UTC+03:00 East Africa Time (Kenya),0.5
Lume 1.2 - 2026,E1,2026-06-11 18:00:56,Isiolo.Isiolo.Ngaremara.Nasuroi.ClaraChlorinationSystem,2026-06-10 10:50:00,50065,50053,0,,UTC+03:00 East Africa Time (Kenya),CBT,No ( < 100 CFU/100 mL),Treated,UTC+03:00 East Africa Time (Kenya),0.5
Lume 1.2 - 2026,E1,2026-06-11 18:02:34,Isiolo.Isiolo.Ngaremara.Nasuroi.NasuroiBorehole,2026-06-10 11:10:00,50065,50053,0,,UTC+03:00 East Africa Time (Kenya),CBT,No ( < 100 CFU/100 mL),Source (untreated),UTC+03:00 East Africa Time (Kenya),0
Lume 1.2 - 2026,E1,2026-06-11 18:04:20,Isiolo.Isiolo.Ngaremara.Nasuroi.NasuroiBorehole,2026-06-10 11:13:00,50065,50053,0,,UTC+03:00 East Africa Time (Kenya),CBT,No ( < 100 CFU/100 mL),Source (untreated),UTC+03:00 East Africa Time (Kenya),0
Lume 1.2 - 2026,E1,2026-06-11 18:06:44,,2026-06-10 11:22:00,50065,50053,0,,UTC+03:00 East Africa Time (Kenya),CBT,No ( < 100 CFU/100 mL),Treated,UTC+03:00 East Africa Time (Kenya),0.2
Lume 1.2 - 2026,E1,2026-06-11 18:08:03,,2026-06-10 11:25:00,50065,50053,0,,UTC+03:00 East Africa Time (Kenya),CBT,No ( < 100 CFU/100 mL),Treated,UTC+03:00 East Africa Time (Kenya),0.2
Lume 1.2 - 2026,E1,2026-06-11 18:10:14,,2026-06-10 09:32:00,50065,50053,1,,UTC+03:00 East Africa Time (Kenya),CBT,No ( < 100 CFU/100 mL),Source (untreated),UTC+03:00 East Africa Time (Kenya),0
Lume 1.2 - 2026,E1,2026-06-11 18:11:04,,2026-06-10 09:37:00,50065,50053,0,,UTC+03:00 East Africa Time (Kenya),CBT,No ( < 100 CFU/100 mL),Source (untreated),UTC+03:00 East Africa Time (Kenya),0
Lume 1.2 - 2026,E1,2026-06-13 14:48:34,Isiolo.Garbatulla.Kulamawe 1 (police station).Borehole,2026-06-11 08:22:00,50065,50053,0,,UTC+03:00 East Africa Time (Kenya),CBT,No ( < 100 CFU/100 mL),Source (untreated),UTC+03:00 East Africa Time (Kenya),0
Lume 1.2 - 2026,E1,2026-06-13 14:49:30,Isiolo.Garbatulla.Kulamawe 1 (police station).Borehole,2026-06-11 08:29:00,50065,50053,0,,UTC+03:00 East Africa Time (Kenya),CBT,No ( < 100 CFU/100 mL),Source (untreated),UTC+03:00 East Africa Time (Kenya),0
Lume 1.2 - 2026,E1,2026-06-13 14:50:37,Isiolo.Garbatulla.Kulamawe 1 (police station).Borehole,2026-06-11 08:32:00,50065,50053,0,,UTC+03:00 East Africa Time (Kenya),CBT,No ( < 100 CFU/100 mL),Source (untreated),UTC+03:00 East Africa Time (Kenya),0
Lume 1.2 - 2026,E1,2026-06-13 14:52:07,Isiolo.Garbatula.Kinna.Kulamawe1 (Police station).Near Old Livestock troughts.Stand tap 1,2026-06-11 09:14:00,50065,50052,0,,UTC+03:00 East Africa Time (Kenya),CBT,No ( < 100 CFU/100 mL),Treated,UTC+03:00 East Africa Time (Kenya),2
Lume 1.2 - 2026,E1,2026-06-13 14:53:10,Isiolo.Garbatula.Kinna.Kulamawe1 (Police station).Near Old Livestock troughts.Stand tap 1,2026-06-11 09:16:00,50065,50053,0,,UTC+03:00 East Africa Time (Kenya),CBT,No ( < 100 CFU/100 mL),Treated,UTC+03:00 East Africa Time (Kenya),2
Lume 1.2 - 2026,E1,2026-06-13 14:57:31,Isiolo.Garbatula.Kinna.Kulamawe1 (Police station).Near Old Livestock troughts.Stand tap 1,2026-06-11 08:50:00,50065,50053,2,,UTC+03:00 East Africa Time (Kenya),CBT,No ( < 100 CFU/100 mL),Source (untreated),UTC+03:00 East Africa Time (Kenya),0
Lume 1.2 - 2026,E1,2026-06-13 14:58:15,Isiolo.Garbatula.Kinna.Kulamawe1 (Police station).Near Old Livestock troughts.Stand tap 1,2026-06-11 08:53:00,50065,50053,1,,UTC+03:00 East Africa Time (Kenya),CBT,No ( < 100 CFU/100 mL),Source (untreated),UTC+03:00 East Africa Time (Kenya),0
Lume 1.2 - 2026,E1,2026-06-13 14:59:08,Isiolo.Garbatula.Kinna.Kulamawe1 (Police station).Near Old Livestock troughts.Stand tap 1,2026-06-11 08:56:00,50065,50053,2,,UTC+03:00 East Africa Time (Kenya),CBT,No ( < 100 CFU/100 mL),Source (untreated),UTC+03:00 East Africa Time (Kenya),0
Lume 1.2 - 2026,E1,2026-06-13 15:00:13,Isiolo.Garbatula.Kinna.Kulamawe1 (Police station).Near Old Livestock troughts.Stand tap 1,2026-06-11 09:24:00,50065,50053,0,,UTC+03:00 East Africa Time (Kenya),CBT,No ( < 100 CFU/100 mL),Treated,UTC+03:00 East Africa Time (Kenya),3
Lume 1.2 - 2026,E1,2026-06-13 15:00:57,Isiolo.Garbatula.Kinna.Kulamawe1 (Police station).Near Old Livestock troughts.Stand tap 1,2026-06-11 09:29:00,50065,50053,0,,UTC+03:00 East Africa Time (Kenya),CBT,No ( < 100 CFU/100 mL),Treated,UTC+03:00 East Africa Time (Kenya),3
