record_id,sample_group,sensor,sample_time_local,sample_time_utc,site_name,water_type,country,cbt_mpn_per_100ml,cbt_censored,chlorine_residual_mg_l,sensor_mon2,sensor_tof_kcps,sensor_temperature_c,temperature_channel,F_corrected_fluorescence,B_log_tof_ratio,baseline_age_days,pred_log10_new_sensor_new_day,pred_log10_day_held_out
B202605251012,G202605251012,50045,2026-05-25 10:12:00,2026-05-25 10:12:00+00:00,LSC15529,Treated,Rwanda,0.0,False,,426.0,28.0,28.867188,sipm_temperature,-0.0402291892744681,-0.0689928714869514,0,0.001610295833915,-0.1835151450977433
B202605251012,G202605251012,50065,2026-05-25 10:12:00,2026-05-25 10:12:00+00:00,LSC15529,Treated,Rwanda,0.0,False,,294.0,39.0,34.662384,temperature (board),-0.2043251656476234,0.0259754864032607,0,-0.1416269650150267,0.0515339037199443
B202605251026,G202605251026,50045,2026-05-25 10:26:00,2026-05-25 10:26:00+00:00,LSC11397,Treated,Rwanda,0.0,False,,439.0,29.0,26.015625,sipm_temperature,-0.057891193341053,-0.0339015516756813,0,0.1814179822652402,0.0220519097057104
B202605251026,G202605251026,50065,2026-05-25 10:26:00,2026-05-25 10:26:00+00:00,LSC11397,Treated,Rwanda,0.0,False,,387.0,39.0,31.863983,temperature (board),0.323292357415319,0.0259754864032607,0,0.8265317130362353,0.6657214951874669
B202605251035,G202605251035,50065,2026-05-25 10:35:00,2026-05-25 10:35:00+00:00,LSC15371,Treated,Rwanda,0.0,False,,338.0,38.0,30.764984,temperature (board),0.0433399370964959,0.0,0,0.2309622101066052,0.2410322345222749
B202605251045,G202605251045,50045,2026-05-25 10:45:00,2026-05-25 10:45:00+00:00,LSC11400,Treated,Rwanda,0.0,False,,474.0,30.0,25.164062,sipm_temperature,0.0981203826155212,0.0168071183163811,0,0.5994137481550703,0.4954154536339735
B202605251045,G202605251045,50065,2026-05-25 10:45:00,2026-05-25 10:45:00+00:00,LSC11400,Treated,Rwanda,0.0,False,,333.0,38.0,30.0134735,temperature (board),-0.0277767889458981,0.0,0,0.1306247791698851,0.1727925538210659
B202605251107,G202605251107,50045,2026-05-25 11:07:00,2026-05-25 11:07:00+00:00,LSC15206,Treated,Rwanda,0.0,False,,510.0,30.0,25.28125,sipm_temperature,0.2125578408195068,0.0168071183163811,0,0.7515904667824105,0.6366437934375091
B202605251107,G202605251107,50065,2026-05-25 11:07:00,2026-05-25 11:07:00+00:00,LSC15206,Treated,Rwanda,0.0,False,,330.5,38.0,28.5657955,temperature (board),-0.0777193953935153,0.0,0,0.0841374604417393,0.1369130709413046
B202605251055,G202605251055,50045,2026-05-25 10:55:00,2026-05-25 10:55:00+00:00,LSC15206,Treated,Rwanda,0.0,False,,441.0,30.0,25.40625,sipm_temperature,-0.0635853145631903,0.0168071183163811,0,0.3722070485350399,0.2886757308870793
B202605251055,G202605251055,50065,2026-05-25 10:55:00,2026-05-25 10:55:00+00:00,LSC15206,Treated,Rwanda,0.0,False,,341.0,38.0,29.2707525,temperature (board),0.0277767889458981,0.0,0,0.2257090554221856,0.2490775468569347
B202605251116,G202605251116,50045,2026-05-25 11:16:00,2026-05-25 11:16:00+00:00,Kamonyi. EP Rwishwima. Near nursery class2. Rain water tank,Source (untreated),Rwanda,5.0,False,,532.0,32.0,25.28125,sipm_temperature,0.2693691003462088,0.0645385211375711,0,1.0005994327975607,0.9568280953957344
B202605251116,G202605251116,50065,2026-05-25 11:16:00,2026-05-25 11:16:00+00:00,Kamonyi. EP Rwishwima. Near nursery class2. Rain water tank,Source (untreated),Rwanda,5.0,False,,459.0,41.0,27.777756,temperature (board),0.5076828627785206,0.075985906977922,0,1.3125147747806718,1.2448702396309188
B202605251120,G202605251116,50045,2026-05-25 11:20:00,2026-05-25 11:20:00+00:00,Kamonyi. EP Rwishwima. In front of the kitchen. Rain water tank,Source (untreated),Rwanda,5.0,False,,576.0,32.0,24.367188,sipm_temperature,0.3644257151221701,0.0645385211375711,0,1.166303416683916,1.0987035272358174
B202605251120,G202605251116,50065,2026-05-25 11:20:00,2026-05-25 11:20:00+00:00,Kamonyi. EP Rwishwima. In front of the kitchen. Rain water tank,Source (untreated),Rwanda,5.0,False,,463.0,41.0,27.0199285,temperature (board),0.5054107608981626,0.075985906977922,0,1.2924289436483316,1.263468874139403
B202605251130,G202605251130,50065,2026-05-25 11:30:00,2026-05-25 11:30:00+00:00,Kamonyi. EP Rwishwima. Between nursery class1 and nursery class2. Spring water tap,Source (untreated),Rwanda,0.0,False,,370.0,39.0,25.578522,temperature (board),0.0922959967683247,0.0259754864032607,0,0.4918450740876773,0.5282126982694653
B202605251133,G202605251130,50065,2026-05-25 11:33:00,2026-05-25 11:33:00+00:00,Kamonyi. EP Rwishwima. Between nursery class1 and nursery class2. Spring water tap,Source (untreated),Rwanda,0.0,False,,368.5,38.5,25.578522,temperature (board),0.0847645579298026,0.0130720815673527,0,0.4132233668814806,0.4515167348364051
B202605251142,G202605251142,50045,2026-05-25 11:42:00,2026-05-25 11:42:00+00:00,Kamonyi. EP Rwishwima. Near the toilets. Rain water tank,Source (untreated),Rwanda,0.0,False,,513.0,30.0,24.460938,sipm_temperature,0.1978186276863764,0.0,0,0.6993676161241227,0.5477589949188197
B202605251142,G202605251142,50065,2026-05-25 11:42:00,2026-05-25 11:42:00+00:00,Kamonyi. EP Rwishwima. Near the toilets. Rain water tank,Source (untreated),Rwanda,0.0,False,,354.0,38.0,26.119843,temperature (board),0.0205527893292742,0.0,0,0.2578851373420807,0.2941131281581923
B202605251145,G202605251142,50045,2026-05-25 11:45:00,2026-05-25 11:45:00+00:00,Kamonyi. EP Rwishwima. Near the toilets. Rain water tank,Source (untreated),Rwanda,0.0,False,,513.0,30.0,24.460938,sipm_temperature,0.1978186276863764,0.0,0,0.6993676161241227,0.5477589949188197
B202605251145,G202605251142,50065,2026-05-25 11:45:00,2026-05-25 11:45:00+00:00,Kamonyi. EP Rwishwima. Near the toilets. Rain water tank,Source (untreated),Rwanda,0.0,False,,355.0,39.0,25.8869625,temperature (board),0.0202045985639438,0.0259754864032607,0,0.4005899165545373,0.4331268433157701
B202605260943,G202605260943,50045,2026-05-26 09:43:00,2026-05-26 09:43:00+00:00,LSC15197,Treated,Rwanda,3.0,False,,487.0,29.0,28.460938,sipm_temperature,0.1201323821446473,0.0,0,0.3792846554502238,0.291732168992461
B202605260943,G202605260943,50065,2026-05-26 09:43:00,2026-05-26 09:43:00+00:00,LSC15197,Treated,Rwanda,3.0,False,,330.0,38.0,31.981049,temperature (board),0.0829333685305524,0.0,0,0.2783064707004733,0.2230233686747636
B202605260951,G202605260951,50065,2026-05-26 09:51:00,2026-05-26 09:51:00+00:00,LSC11394,Treated,Rwanda,0.0,False,,320.0,38.0,32.87735,temperature (board),0.0376653188929809,0.0,0,0.2035980457069534,0.1687889419721381
B202605261000,G202605261000,50045,2026-05-26 10:00:00,2026-05-26 10:00:00+00:00,LSC15145,Treated,Rwanda,0.0,False,,461.0,29.0,24.710938,sipm_temperature,-0.1291728779140326,0.0,0,0.1140005710969279,0.0096322221712849
B202605261000,G202605261000,50065,2026-05-26 10:00:00,2026-05-26 10:00:00+00:00,LSC15145,Treated,Rwanda,0.0,False,,318.0,38.0,31.2144165,temperature (board),-0.0326078834802308,0.0,0,0.0954228744486825,0.1020049159513245
B202605261017,G202605261017,50065,2026-05-26 10:17:00,2026-05-26 10:17:00+00:00,LSC11379,Treated,Rwanda,0.0,False,,310.5,37.5,30.70456,temperature (board),-0.0979082045006096,-0.0132452267500206,0,-0.0694712435399817,-0.0359510763549045
B202605261007,G202605261007,50045,2026-05-26 10:07:00,2026-05-26 10:07:00+00:00,LSC11391,Treated,Rwanda,1.0,False,,490.0,29.0,24.578125,sipm_temperature,0.0090404957693861,0.0,0,0.3060739565073568,0.1836726548544935
B202605261007,G202605261007,50065,2026-05-26 10:07:00,2026-05-26 10:07:00+00:00,LSC11391,Treated,Rwanda,1.0,False,,323.0,38.0,30.631561,temperature (board),-0.0050574354127492,0.0,0,0.1412075876108325,0.1351491892698938
B202605261052,G202605261052,50045,2026-05-26 10:52:00,2026-05-26 10:52:00+00:00,Kamonyi. EP Nyakabuye. Beside P6A classroom. Rain water tank,Source (untreated),Rwanda,0.0,False,,583.0,29.0,25.210938,sipm_temperature,0.2687320766672609,0.0,0,0.6477799204055277,0.5027212234963943
B202605261052,G202605261052,50065,2026-05-26 10:52:00,2026-05-26 10:52:00+00:00,Kamonyi. EP Nyakabuye. Beside P6A classroom. Rain water tank,Source (untreated),Rwanda,0.0,False,,446.0,39.0,30.432648,temperature (board),0.5856863148247147,0.0259754864032607,0,1.1701283587517106,0.9276172024077936
B202605261054,G202605261052,50045,2026-05-26 10:54:00,2026-05-26 10:54:00+00:00,Kamonyi. EP Nyakabuye. Beside P6A classroom. Rain water tank,Source (untreated),Rwanda,0.0,False,,583.0,29.0,25.210938,sipm_temperature,0.2687320766672609,0.0,0,0.6477799204055277,0.5027212234963943
B202605261054,G202605261052,50065,2026-05-26 10:54:00,2026-05-26 10:54:00+00:00,Kamonyi. EP Nyakabuye. Beside P6A classroom. Rain water tank,Source (untreated),Rwanda,0.0,False,,478.0,40.0,30.343277,temperature (board),0.6930366462415485,0.0512932943875504,0,1.4585402008777426,1.1789543638864606
B202605261044,G202605261044,50045,2026-05-26 10:44:00,2026-05-26 10:44:00+00:00,Kamonyi. EP Nyakabuye. Beside P6A classroom. Rain water tank,Source (untreated),Rwanda,33.0,False,,537.0,33.0,25.367188,sipm_temperature,0.154005706760798,0.1292117314800062,0,0.9648467834854744,1.020904693860692
B202605261044,G202605261044,50065,2026-05-26 10:44:00,2026-05-26 10:44:00+00:00,Kamonyi. EP Nyakabuye. Beside P6A classroom. Rain water tank,Source (untreated),Rwanda,33.0,False,,416.5,38.0,30.9374695,temperature (board),0.4825930563179801,0.0,0,0.8960198019701225,0.6710589746044602
B202605261046,G202605261044,50045,2026-05-26 10:46:00,2026-05-26 10:46:00+00:00,Kamonyi. EP Nyakabuye. Beside P6A classroom. Rain water tank,Source (untreated),Rwanda,33.0,False,,537.0,33.0,25.367188,sipm_temperature,0.154005706760798,0.1292117314800062,0,0.9648467834854744,1.020904693860692
B202605261046,G202605261044,50065,2026-05-26 10:46:00,2026-05-26 10:46:00+00:00,Kamonyi. EP Nyakabuye. Beside P6A classroom. Rain water tank,Source (untreated),Rwanda,33.0,False,,451.5,38.0,30.7713015,temperature (board),0.6122428584403048,0.0,0,1.0905003297076843,0.8172999639327658
B202605270836,G202605270836,50065,2026-05-27 08:36:00,2026-05-27 08:36:00+00:00,LSC11525,Treated,Rwanda,0.0,False,,327.5,38.0,33.87059,temperature (board),-0.1818086382748056,0.0,0,-0.1096528123370455,-0.0683527067525808
B202605270845,G202605270845,50045,2026-05-27 08:45:00,2026-05-27 08:45:00+00:00,LSC11517,Treated,Rwanda,0.0,False,,475.0,29.0,26.585938,sipm_temperature,-0.057148825676105,0.0,0,0.192657111155756,0.0996459100819753
B202605270845,G202605270845,50065,2026-05-27 08:45:00,2026-05-27 08:45:00+00:00,LSC11517,Treated,Rwanda,0.0,False,,364.0,38.0,33.10771149999999,temperature (board),0.1403469964571737,0.0,0,0.3369992818093379,0.3008490092206257
B202605270853,G202605270853,50065,2026-05-27 08:53:00,2026-05-27 08:53:00+00:00,LSC15487,Treated,Rwanda,0.0,False,,343.5,38.0,31.662552,temperature (board),-0.1356830122029206,0.0,0,-0.0510874274270882,-0.0177138171442864
B202605270903,G202605270903,50045,2026-05-27 09:03:00,2026-05-27 09:03:00+00:00,LSC15484,Treated,Rwanda,0.0,False,,457.0,29.0,25.632812,sipm_temperature,-0.1384705955238958,0.0,0,0.0889526574359356,-0.0236913101482838
B202605270903,G202605270903,50065,2026-05-27 09:03:00,2026-05-27 09:03:00+00:00,LSC15484,Treated,Rwanda,0.0,False,,371.0,38.0,31.130066,temperature (board),0.1356830122029206,0.0,0,0.3540110193353413,0.3244865851622513
B202605270920,G202605270920,50045,2026-05-27 09:20:00,2026-05-27 09:20:00+00:00,LSC11469,Treated,Rwanda,0.0,False,,841.0,29.0,24.132812,sipm_temperature,0.7357151513642703,0.0,0,1.4308034185334562,1.415252298088796
B202605270920,G202605270920,50065,2026-05-27 09:20:00,2026-05-27 09:20:00+00:00,LSC11469,Treated,Rwanda,0.0,False,,590.0,36.5,29.7339935,temperature (board),0.8426059186742298,-0.0402738991379399,0,1.274915580264304,1.0934639142403388
B202605270930,G202605270930,50045,2026-05-27 09:30:00,2026-05-27 09:30:00+00:00,LSC11558,Treated,Rwanda,0.0,False,,511.0,29.0,24.054688,sipm_temperature,0.057148825676105,0.0,0,0.4048223501752298,0.2986232586042036
B202605270930,G202605270930,50065,2026-05-27 09:30:00,2026-05-27 09:30:00+00:00,LSC11558,Treated,Rwanda,0.0,False,,328.5,37.0,29.1222075,temperature (board),-0.2807242481854759,-0.0266682470821612,0,-0.4222949348125415,-0.3482879389609119
B202605270939,G202605270939,50045,2026-05-27 09:39:00,2026-05-27 09:39:00+00:00,Kamonyi. EP Nyakabungo. Near new kitchen. Spring water tap,Source (untreated),Rwanda,0.0,False,,549.0,29.0,24.882812,sipm_temperature,0.1520328066369618,0.0,0,0.529232133602342,0.442388067960501
B202605270939,G202605270939,50065,2026-05-27 09:39:00,2026-05-27 09:39:00+00:00,Kamonyi. EP Nyakabungo. Near new kitchen. Spring water tap,Source (untreated),Rwanda,0.0,False,,340.5,37.0,29.694977,temperature (board),-0.1275868186811539,-0.0266682470821612,0,-0.1767567915570731,-0.1382712453529318
B202605270954,G202605270954,50045,2026-05-27 09:54:00,2026-05-27 09:54:00+00:00,Kamonyi. EP Nyakabungo. Behind P3A classroom. Rain water tank,Source (untreated),Rwanda,0.0,False,,471.0,29.0,27.492188,sipm_temperature,-0.0222915496965887,0.0,0,0.2269134632430324,0.1469261140828254
B202605270954,G202605270954,50065,2026-05-27 09:54:00,2026-05-27 09:54:00+00:00,Kamonyi. EP Nyakabungo. Behind P3A classroom. Rain water tank,Source (untreated),Rwanda,0.0,False,,345.0,38.0,30.8971705,temperature (board),-0.075684681284101,0.0,0,0.0379950330019737,0.0585413598079589
B202605280814,G202605280814,50045,2026-05-28 08:14:00,2026-05-28 08:14:00+00:00,Fake.Kicukiro.Amazi Meza warehouse.Kagina. Spring water,Source (untreated),Rwanda,0.0,False,,559.0,29.0,27.28125,sipm_temperature,0.2296423621729815,0.0,1,0.5205201818786659,0.4227723532444687
B202605280814,G202605280814,50065,2026-05-28 08:14:00,2026-05-28 08:14:00+00:00,Fake.Kicukiro.Amazi Meza warehouse.Kagina. Spring water,Source (untreated),Rwanda,0.0,False,,379.0,36.0,31.485077,temperature (board),0.1455111568363447,-0.0628009012390304,1,0.0467872476357234,-0.0534550781059336
B202605280903,G202605280903,50065,2026-05-28 09:03:00,2026-05-28 09:03:00+00:00,Fake.Kicukiro. Amazi Meza warehouse.Kanengwa. Spring water,Source (untreated),Rwanda,0.0,False,,337.5,36.0,31.64621,temperature (board),-0.0710538057184591,-0.0628009012390304,1,-0.3199165284613778,-0.2831864348733081
B202605280911,G202605280911,50045,2026-05-28 09:11:00,2026-05-28 09:11:00+00:00,Fake.Kicukiro.Amazi Meza warehouse.Iriba.Spring water,Source (untreated),Rwanda,5.0,False,,551.0,29.0,25.703125,sipm_temperature,0.1749327061812371,0.0,1,0.4863444437653124,0.3768192696207432
B202605280911,G202605280911,50065,2026-05-28 09:11:00,2026-05-28 09:11:00+00:00,Fake.Kicukiro.Amazi Meza warehouse.Iriba.Spring water,Source (untreated),Rwanda,5.0,False,,336.5,36.0,31.892914,temperature (board),-0.0730637992418161,-0.0628009012390304,1,-0.326819937680853,-0.2867440796360529
B202605280952,G202605280952,50045,2026-05-28 09:52:00,2026-05-28 09:52:00+00:00,Fake.Kicukiro.Amazi Meza warehouse.Inindi House.Rainwater tank,Source (untreated),Rwanda,0.0,False,,534.0,31.0,25.882812,sipm_temperature,0.1331504691912757,0.0666913744986721,1,0.6788374115201545,0.6903067218309636
B202605280952,G202605280952,50065,2026-05-28 09:52:00,2026-05-28 09:52:00+00:00,Fake.Kicukiro.Amazi Meza warehouse.Inindi House.Rainwater tank,Source (untreated),Rwanda,0.0,False,,417.0,39.0,29.898895,temperature (board),0.2784623284995113,0.0172418064345059,1,0.681036375434274,0.5413028688100809
B202605290843,G202605290843,50045,2026-05-29 08:43:00,2026-05-29 08:43:00+00:00,Fake.Kicukiro.Amazi Meza warehouse.Nyirakanamba I.Water Stream,Source (untreated),Rwanda,100.0,True,,660.0,31.0,27.851562,sipm_temperature,0.4727301176592071,0.0666913744986721,2,0.8416899852668068,0.8410750906011311
B202605290843,G202605290843,50065,2026-05-29 08:43:00,2026-05-29 08:43:00+00:00,Fake.Kicukiro.Amazi Meza warehouse.Nyirakanamba I.Water Stream,Source (untreated),Rwanda,100.0,True,,383.0,39.0,33.931,temperature (board),0.2504059100663207,0.0085837436913914,2,0.5592202287487795,0.3617430553249222
B202605290854,G202605290854,50065,2026-05-29 08:54:00,2026-05-29 08:54:00+00:00,Fake.Kicukiro.Amazi Meza wahehouse.Nyirakanamba II. Water pipe,Source (untreated),Rwanda,100.0,True,,632.0,49.0,33.516846,temperature (board),1.0135675595324214,0.2368423956723717,2,2.004321373782642,1.9590474941266056
B202605290901,G202605290901,50045,2026-05-29 09:01:00,2026-05-29 09:01:00+00:00,Fake.Kicukiro.Amazi Meza wahehouse.Nyirakanamba II. Water pipe,Source (untreated),Rwanda,100.0,True,,769.0,38.0,26.054688,sipm_temperature,0.634953533669985,0.2702903297399117,2,1.5467842616694671,1.846806878747859
B202605290901,G202605290901,50065,2026-05-29 09:01:00,2026-05-29 09:01:00+00:00,Fake.Kicukiro.Amazi Meza wahehouse.Nyirakanamba II. Water pipe,Source (untreated),Rwanda,100.0,True,,661.5,47.0,32.878614999999996,temperature (board),1.0616429879991731,0.1951696992718037,2,2.004321373782642,1.8280290330178843
B202605290928,G202605290928,50045,2026-05-29 09:28:00,2026-05-29 09:28:00+00:00,Fake.Kicukiro.Amazi Meza warehouse.Kabeza.Stream Water,Source (untreated),Rwanda,100.0,True,,657.0,40.0,26.40625,sipm_temperature,0.4355146416371251,0.3215836241274623,2,1.4841109659525278,1.896796868666028
B202605290928,G202605290928,50065,2026-05-29 09:28:00,2026-05-29 09:28:00+00:00,Fake.Kicukiro.Amazi Meza warehouse.Kabeza.Stream Water,Source (untreated),Rwanda,100.0,True,,516.0,49.0,30.065094,temperature (board),0.6500894391897916,0.2368423956723717,2,2.004321373782642,1.68594197907378
B202605290936,G202605290936,50045,2026-05-29 09:36:00,2026-05-29 09:36:00+00:00,Fake.Kicukiro.Amazi Meza warehouse.Kabeza.Stream Water,Source (untreated),Rwanda,100.0,True,,634.0,38.0,26.226562,sipm_temperature,0.3832717787807906,0.2702903297399117,2,1.3092900351889891,1.639336347655742
B202605290936,G202605290936,50065,2026-05-29 09:36:00,2026-05-29 09:36:00+00:00,Fake.Kicukiro.Amazi Meza warehouse.Kabeza.Stream Water,Source (untreated),Rwanda,100.0,True,,498.5,45.0,31.9923705,temperature (board),0.6396269650254407,0.1516845873320649,2,1.7382806430039328,1.3028840088037514
B202605290948,G202605290948,50045,2026-05-29 09:48:00,2026-05-29 09:48:00+00:00,Fake.Kicukiro.Amazi Meza warehouse.Sahara.Stream water,Source (untreated),Rwanda,100.0,True,,718.0,46.0,26.03125,sipm_temperature,0.5454633055025511,0.461345566502621,2,1.9485848699968968,2.004321373782642
B202605290948,G202605290948,50065,2026-05-29 09:48:00,2026-05-29 09:48:00+00:00,Fake.Kicukiro.Amazi Meza warehouse.Sahara.Stream water,Source (untreated),Rwanda,100.0,True,,642.0,54.0,32.251709000000005,temperature (board),1.0076460487862384,0.3340061441260194,2,2.004321373782642,2.004321373782642
B202605301205,G202605301205,50045,2026-05-30 12:05:00,2026-05-30 13:05:00+00:00,Fake.Kicukiro.Amazi Meza wahehouse.Nyirakanamba II. Water pipe,Source (untreated),Rwanda,100.0,True,,810.0,48.0,28.203125,sipm_temperature,0.7473515074082533,0.5039051809214169,3,2.004321373782642,2.004321373782642
B202605301205,G202605301205,50065,2026-05-30 12:05:00,2026-05-30 13:05:00+00:00,Fake.Kicukiro.Amazi Meza wahehouse.Nyirakanamba II. Water pipe,Source (untreated),Rwanda,100.0,True,,729.5,53.0,33.31543,temperature (board),1.2315845689818348,0.3067302674224754,3,2.004321373782642,2.004321373782642
B202605301221,G202605301221,50045,2026-05-30 12:21:00,2026-05-30 13:21:00+00:00,Fake.Kicukiro.Amazi Meza warehouse.Nyirakanamba I.Water Stream,Source (untreated),Rwanda,100.0,True,,577.0,35.0,28.914062,sipm_temperature,0.3099816619971305,0.1880522315029396,3,1.1566666500254177,1.3294681583203487
B202605301221,G202605301221,50065,2026-05-30 12:21:00,2026-05-30 13:21:00+00:00,Fake.Kicukiro.Amazi Meza warehouse.Nyirakanamba I.Water Stream,Source (untreated),Rwanda,100.0,True,,395.5,39.0,30.75241,temperature (board),0.2677574057681857,0.0,3,0.5074708208482621,0.3799116592344457
B202605301228,G202605301228,50045,2026-05-30 12:28:00,2026-05-30 13:28:00+00:00,Fake.Kicukiro.Amazi Meza warehouse.Nyirakanamba I.Water Stream,Source (untreated),Rwanda,100.0,True,,554.0,35.0,27.664062,sipm_temperature,0.2249360291422624,0.1880522315029396,3,1.0944908712441763,1.2596358026018146
B202605301228,G202605301228,50065,2026-05-30 12:28:00,2026-05-30 13:28:00+00:00,Fake.Kicukiro.Amazi Meza warehouse.Nyirakanamba I.Water Stream,Source (untreated),Rwanda,100.0,True,,416.0,39.0,33.31543,temperature (board),0.4098761709621943,0.0,3,0.7483688102338831,0.484554749855587
B202605301304,G202605301304,50045,2026-05-30 13:04:00,2026-05-30 14:04:00+00:00,Fake.Kicukiro.Amazi Meza warehouse.Kabeza.Stream Water,Source (untreated),Rwanda,100.0,True,,698.0,42.0,27.078125,sipm_temperature,0.5307921147607972,0.3703737882968942,3,2.004321373782642,2.004321373782642
B202605301326,G202605301326,50045,2026-05-30 13:26:00,2026-05-30 14:26:00+00:00,Fake.Kicukiro.Amazi Meza warehouse.Sahara.Stream water,Source (untreated),Rwanda,100.0,True,,763.0,47.0,26.421875,sipm_temperature,0.6327808550522613,0.4828517717235845,3,2.004321373782642,2.004321373782642
B202605301326,G202605301326,50065,2026-05-30 13:26:00,2026-05-30 14:26:00+00:00,Fake.Kicukiro.Amazi Meza warehouse.Sahara.Stream water,Source (untreated),Rwanda,100.0,True,,746.5,53.0,29.491058,temperature (board),1.183515623694026,0.3067302674224754,3,2.004321373782642,2.004321373782642
B202605301333,G202605301333,50045,2026-05-30 13:33:00,2026-05-30 14:33:00+00:00,Fake.Kicukiro.Amazi Meza warehouse.Sahara.Stream water,Source (untreated),Rwanda,100.0,True,,754.0,47.0,26.585938,sipm_temperature,0.6210147933827628,0.4828517717235845,3,2.004321373782642,2.004321373782642
B202605301333,G202605301333,50065,2026-05-30 13:33:00,2026-05-30 14:33:00+00:00,Fake.Kicukiro.Amazi Meza warehouse.Sahara.Stream water,Source (untreated),Rwanda,100.0,True,,705.5,53.5,31.0306095,temperature (board),1.138621448263236,0.3161200077723144,3,2.004321373782642,2.004321373782642
B202606021035,G202606021035,50065,2026-06-02 10:35:00,2026-06-02 10:35:00+00:00,,Source (untreated),Kenya,100.0,True,0.0,506.0,48.0,41.719513,temperature (board),0.995366290480483,0.1823215567939546,0,2.004321373782642,1.6479981161566175
B202606040845,G202606040845,50053,2026-06-04 08:45:00,2026-06-04 08:45:00+00:00,,Treated,Kenya,0.0,False,0.2,788.0,32.0,34.75,sipm_temperature,-0.0032419396208451,0.0,0,0.1480411846418273,0.1385737852687602
B202606040845,G202606040845,50065,2026-06-04 08:45:00,2026-06-04 08:45:00+00:00,,Treated,Kenya,0.0,False,0.2,257.5,39.0,37.822113,temperature (board),-0.1591538446952283,0.0,0,-0.4797106841131259,-0.0275581695644552
B202606040902,G202606040902,50053,2026-06-04 09:02:00,2026-06-04 09:02:00+00:00,,Treated,Kenya,0.0,False,0.2,754.0,32.0,35.515625,sipm_temperature,-0.047982974360953,0.0,0,0.1102274574195009,0.0901681659343231
B202606040902,G202606040902,50065,2026-06-04 09:02:00,2026-06-04 09:02:00+00:00,,Treated,Kenya,0.0,False,0.2,253.0,39.0,38.859406,temperature (board),-0.1896339039650252,0.0,0,-0.6873055149896754,-0.059415329087938
B202606040954,G202606040954,50053,2026-06-04 09:54:00,2026-06-04 09:54:00+00:00,,Source (untreated),Kenya,100.0,True,0.0,398.0,343.0,34.09375,sipm_temperature,-1.0112522035032496,2.371994544366214,0,2.004321373782642,2.004321373782642
B202606040954,G202606040954,50065,2026-06-04 09:54:00,2026-06-04 09:54:00+00:00,,Source (untreated),Kenya,100.0,True,0.0,289.0,341.0,36.804962,temperature (board),0.1754375177701881,2.16832083115387,0,2.004321373782642,2.004321373782642
B202606040956,G202606040954,50065,2026-06-04 09:56:00,2026-06-04 09:56:00+00:00,,Source (untreated),Kenya,100.0,True,0.0,332.5,327.0,36.804962,temperature (board),0.4729521800708998,2.126398524767607,0,2.004321373782642,2.004321373782642
B202606040958,G202606040954,50065,2026-06-04 09:58:00,2026-06-04 09:58:00+00:00,,Source (untreated),Kenya,100.0,True,0.0,439.5,313.5,37.304718,temperature (board),1.0061129959259991,2.084237713943329,0,2.004321373782642,2.004321373782642
B202606020748,G202606020748,50065,2026-06-02 07:48:00,2026-06-02 07:48:00+00:00,Turkana.Loima.Turkwel.Lorgum.100m near church.Concrete fixed public stand Tap 2,Treated,Kenya,0.0,False,0.25,310.0,40.0,32.950348,temperature (board),-0.1024131507967043,0.0,0,-0.0456434044052946,0.0479984200515817
B202606020800,G202606020800,50065,2026-06-02 08:00:00,2026-06-02 08:00:00+00:00,Turkana.Loima.Turkwel.Lorgum.100m near church.Concrete fixed public stand Tap 2,Treated,Kenya,0.0,False,0.25,324.5,39.0,37.528793,temperature (board),0.1727263226419619,-0.0253178079842898,0,0.357468087121542,0.13336250116916
B202606020818,G202606020818,50065,2026-06-02 08:18:00,2026-06-02 08:18:00+00:00,Turkana.Loima.Turkwel.Lorgum.Aqutab inline chlorine unit,Treated,Kenya,0.0,False,25.0,262.5,44.0,36.103775,temperature (board),-0.4521894359352707,0.0953101798043249,0,-0.2988159117585608,0.25974812604043
B202606020843,G202606020843,50065,2026-06-02 08:43:00,2026-06-02 08:43:00+00:00,,Treated,Kenya,0.0,False,0.0,314.0,40.0,38.129272,temperature (board),0.1153029563969774,0.0,0,0.3722861338657002,0.2162004676996331
B202606020904,G202606020904,50065,2026-06-02 09:04:00,2026-06-02 09:04:00+00:00,Turkana.Loima.Turkwel.Lorgum.East of treatement.Concrete fixed Public Stand Tap 4,Treated,Kenya,0.0,False,0.25,301.5,39.5,37.00638,temperature (board),-0.0888494156073953,-0.01257878220686,0,-0.1456093725728446,0.0002498073397372
B202606020916,G202606020916,50065,2026-06-02 09:16:00,2026-06-02 09:16:00+00:00,Turkana.Loima.Turkwel.Lorgum.Nearest to 32m3 steel tank.Concrete fixed Public Stand Tap 1,Treated,Kenya,0.0,False,0.25,296.5,39.5,37.348785,temperature (board),-0.1199682286754599,-0.01257878220686,0,-0.2187449068968529,-0.0232044603236376
B202606021016,G202606021016,50065,2026-06-02 10:16:00,2026-06-02 10:16:00+00:00,Turkana.Loima.Turkwel.Lorgum.Behind grass roof house.Concrete fixed Public Stand Tap 3,Treated,Kenya,0.0,False,0.25,315.5,40.5,39.322662,temperature (board),0.151034223594336,0.0124225199985571,0,0.532405615951486,0.2961424916031774
B202606021028,G202606021028,50065,2026-06-02 10:28:00,2026-06-02 10:28:00+00:00,Turkana.Loima.Turkwel.Lorgum.100m near church.Concrete fixed public stand Tap 2,Treated,Kenya,0.0,False,0.25,311.0,40.0,38.579926,temperature (board),0.1039386081991446,0.0,0,0.3485116965575874,0.2047948979566653
B202606021030,G202606021028,50065,2026-06-02 10:30:00,2026-06-02 10:30:00+00:00,Turkana.Loima.Turkwel.Lorgum.100m near church.Concrete fixed public stand Tap 2,Treated,Kenya,0.0,False,0.25,304.5,40.0,38.579926,temperature (board),0.0737602230156468,0.0,0,0.2785994012960922,0.1832108227133834
B202606030843,G202606030843,50053,2026-06-03 08:43:00,2026-06-03 08:43:00+00:00,Turkana.Turkana West.Kakuma.Nakoyo.100m from the Tank.Public Stand Tap 2,Treated,Kenya,0.0,False,0.5,715.0,29.0,35.03125,sipm_temperature,-0.0733289989831975,-0.0339015516756813,0,-0.1713507972294369,-0.1315886082101136
B202606030843,G202606030843,50065,2026-06-03 08:43:00,2026-06-03 08:43:00+00:00,Turkana.Turkana West.Kakuma.Nakoyo.100m from the Tank.Public Stand Tap 2,Treated,Kenya,0.0,False,0.5,324.0,39.0,40.98938,temperature (board),0.4143505401844853,-0.0500104205746614,0,0.980967748687644,0.238472004780391
B202606030846,G202606030843,50053,2026-06-03 08:46:00,2026-06-03 08:46:00+00:00,Turkana.Turkana West.Kakuma.Nakoyo.100m from the Tank.Public Stand Tap 2,Treated,Kenya,0.0,False,0.5,715.0,29.0,35.03125,sipm_temperature,-0.0733289989831975,-0.0339015516756813,0,-0.1713507972294369,-0.1315886082101136
B202606030846,G202606030843,50065,2026-06-03 08:46:00,2026-06-03 08:46:00+00:00,Turkana.Turkana West.Kakuma.Nakoyo.100m from the Tank.Public Stand Tap 2,Treated,Kenya,0.0,False,0.5,333.0,39.0,42.337616,temperature (board),0.4999658135660407,-0.0500104205746614,0,1.2707502039740364,0.3120658527511472
B202606030911,G202606030911,50053,2026-06-03 09:11:00,2026-06-03 09:11:00+00:00,Turkana.Turkana West.Kakuma.Nakoyo.500m East.Public Stand Tap 3,Treated,Kenya,0.0,False,0.25,715.0,30.0,37.367188,sipm_temperature,-0.0231063319831976,0.0339015516756814,0,0.3780367529235256,0.2676943016389105
B202606030914,G202606030911,50053,2026-06-03 09:14:00,2026-06-03 09:14:00+00:00,Turkana.Turkana West.Kakuma.Nakoyo.500m East.Public Stand Tap 3,Treated,Kenya,0.0,False,0.25,715.0,30.0,37.367188,sipm_temperature,-0.0231063319831976,0.0339015516756814,0,0.3780367529235256,0.2676943016389105
B202606030931,G202606030931,50053,2026-06-03 09:31:00,2026-06-03 09:31:00+00:00,Turkana.Turkana West. Kakuma.Nakoyo.Adjacent to 5m3 PVC tank.Public Tap Stand 4,Treated,Kenya,0.0,False,0.2,735.0,29.0,36.765625,sipm_temperature,0.0231063319831976,-0.0339015516756813,0,-0.0992924342249736,-0.041718699066085
B202606030931,G202606030931,50065,2026-06-03 09:31:00,2026-06-03 09:31:00+00:00,Turkana.Turkana West. Kakuma.Nakoyo.Adjacent to 5m3 PVC tank.Public Tap Stand 4,Treated,Kenya,0.0,False,0.2,279.0,41.0,37.7919,temperature (board),-0.4571581768752626,0.0500104205746614,0,-0.5883820578894619,-0.0897671166002125
B202606030933,G202606030931,50053,2026-06-03 09:33:00,2026-06-03 09:33:00+00:00,Turkana.Turkana West. Kakuma.Nakoyo.Adjacent to 5m3 PVC tank.Public Tap Stand 4,Treated,Kenya,0.0,False,0.2,735.0,29.0,36.765625,sipm_temperature,0.0231063319831976,-0.0339015516756813,0,-0.0992924342249736,-0.041718699066085
B202606030933,G202606030931,50065,2026-06-03 09:33:00,2026-06-03 09:33:00+00:00,Turkana.Turkana West. Kakuma.Nakoyo.Adjacent to 5m3 PVC tank.Public Tap Stand 4,Treated,Kenya,0.0,False,0.2,279.0,41.0,37.7919,temperature (board),-0.4571581768752626,0.0500104205746614,0,-0.5883820578894619,-0.0897671166002125
B202606030958,G202606030958,50053,2026-06-03 09:58:00,2026-06-03 09:58:00+00:00,Turkana.Turkana West.Kakuma.Nakoyo.Public Stand Tap 6,Treated,Kenya,0.0,False,2.0,769.0,30.0,34.5625,sipm_temperature,0.0341750114522056,0.0339015516756814,0,0.4317222681192268,0.3419176120947006
B202606040811,G202606040811,50053,2026-06-04 08:11:00,2026-06-04 08:11:00+00:00,Turkana.Turkana South. Lokichar. Kimabur.Kimabur school.Public Stand Tap 1,Treated,Kenya,0.0,False,0.3,795.0,33.0,33.796875,sipm_temperature,-0.0170854324527791,0.0307716586667536,0,0.3865531499788423,0.2919590620682428
B202606040811,G202606040811,50065,2026-06-04 08:11:00,2026-06-04 08:11:00+00:00,Turkana.Turkana South. Lokichar. Kimabur.Kimabur school.Public Stand Tap 1,Treated,Kenya,0.0,False,0.3,294.0,39.0,37.603058,temperature (board),0.2914072425411698,0.0,0,1.736012462326768,0.423641557973788
B202606040827,G202606040827,50053,2026-06-04 08:27:00,2026-06-04 08:27:00+00:00,Turkana.Turkana South.Lokichar.Kimabur.Concrete fixed Public Stand Tap 3,Treated,Kenya,0.0,False,0.1,811.0,32.0,33.78125,sipm_temperature,0.0203273720736252,0.0,0,0.1677949704038315,0.1664534623409425
B202606040827,G202606040827,50065,2026-06-04 08:27:00,2026-06-04 08:27:00+00:00,Turkana.Turkana South.Lokichar.Kimabur.Concrete fixed Public Stand Tap 3,Treated,Kenya,0.0,False,0.1,269.0,39.0,36.731964,temperature (board),-0.0065524906295602,0.0,0,0.2706129254874822,0.1284541956518474
B202606040813,G202606040811,50053,2026-06-04 08:13:00,2026-06-04 08:13:00+00:00,Turkana.Turkana South. Lokichar. Kimabur.Kimabur school.Public Stand Tap 1,Treated,Kenya,0.0,False,0.3,795.0,33.0,33.796875,sipm_temperature,-0.0170854324527791,0.0307716586667536,0,0.3865531499788423,0.2919590620682428
B202606040813,G202606040811,50065,2026-06-04 08:13:00,2026-06-04 08:13:00+00:00,Turkana.Turkana South. Lokichar. Kimabur.Kimabur school.Public Stand Tap 1,Treated,Kenya,0.0,False,0.3,296.0,39.0,37.603058,temperature (board),0.3074075838876107,0.0,0,1.814356197681346,0.4396512450866805
B202606040829,G202606040827,50053,2026-06-04 08:29:00,2026-06-04 08:29:00+00:00,Turkana.Turkana South.Lokichar.Kimabur.Concrete fixed Public Stand Tap 3,Treated,Kenya,0.0,False,0.1,811.0,32.0,33.78125,sipm_temperature,0.0203273720736252,0.0,0,0.1677949704038315,0.1664534623409425
B202606040829,G202606040827,50065,2026-06-04 08:29:00,2026-06-04 08:29:00+00:00,Turkana.Turkana South.Lokichar.Kimabur.Concrete fixed Public Stand Tap 3,Treated,Kenya,0.0,False,0.1,270.0,39.0,36.731964,temperature (board),0.0034978452239418,0.0,0,0.3168810652664653,0.1386061176874897
B202606040833,G202606040833,50053,2026-06-04 08:33:00,2026-06-04 08:33:00+00:00,Turkana.Turkana South.Lokichar.Kimabur.Concrete fixed Public Stand Tap 3,Treated,Kenya,0.0,False,0.1,1289.0,31.0,34.0625,sipm_temperature,0.5835354984648804,-0.0317486983145803,0,0.3439638482498584,0.5809783395800777
B202606040833,G202606040833,50065,2026-06-04 08:33:00,2026-06-04 08:33:00+00:00,Turkana.Turkana South.Lokichar.Kimabur.Concrete fixed Public Stand Tap 3,Treated,Kenya,0.0,False,0.1,277.0,39.0,38.381042,temperature (board),0.1606811673980388,0.0,0,1.1454344490329034,0.2887852200055043
B202606090654,G202606090654,50053,2026-06-09 06:54:00,2026-06-09 06:54:00+00:00,Isiolo.Isiolo.Ngaremara.Kona (Ngalabilabia).KonaBorehole,Source (untreated),Kenya,0.0,False,0.0,646.0,40.0,29.382812,sipm_temperature,-0.4622724572095009,0.1773340152829154,0,1.1942149729888163,1.0804479481577711
B202606090654,G202606090654,50065,2026-06-09 06:54:00,2026-06-09 06:54:00+00:00,Isiolo.Isiolo.Ngaremara.Kona (Ngalabilabia).KonaBorehole,Source (untreated),Kenya,0.0,False,0.0,285.0,41.0,31.555573,temperature (board),0.0027198924143849,0.0246926125903714,0,0.3417533536749501,0.3321625133203758
B202606090656,G202606090654,50053,2026-06-09 06:56:00,2026-06-09 06:56:00+00:00,Isiolo.Isiolo.Ngaremara.Kona (Ngalabilabia).KonaBorehole,Source (untreated),Kenya,0.0,False,0.0,646.0,40.0,29.382812,sipm_temperature,-0.4622724572095009,0.1773340152829154,0,1.1942149729888163,1.0804479481577711
B202606090656,G202606090654,50065,2026-06-09 06:56:00,2026-06-09 06:56:00+00:00,Isiolo.Isiolo.Ngaremara.Kona (Ngalabilabia).KonaBorehole,Source (untreated),Kenya,0.0,False,0.0,293.0,41.0,31.555573,temperature (board),0.0699721194235518,0.0246926125903714,0,0.3982745712160013,0.389048824996125
B202606090659,G202606090654,50053,2026-06-09 06:59:00,2026-06-09 06:59:00+00:00,Isiolo.Isiolo.Ngaremara.Kona (Ngalabilabia).KonaBorehole,Source (untreated),Kenya,0.0,False,0.0,646.0,40.0,29.382812,sipm_temperature,-0.4622724572095009,0.1773340152829154,0,1.1942149729888163,1.0804479481577711
B202606090659,G202606090654,50065,2026-06-09 06:59:00,2026-06-09 06:59:00+00:00,Isiolo.Isiolo.Ngaremara.Kona (Ngalabilabia).KonaBorehole,Source (untreated),Kenya,0.0,False,0.0,315.0,42.0,34.0896305,temperature (board),0.2878371033028752,0.048790164169432,0,0.8065614209343062,0.746847282662212
B202606090701,G202606090654,50053,2026-06-09 07:01:00,2026-06-09 07:01:00+00:00,Isiolo.Isiolo.Ngaremara.Kona (Ngalabilabia).KonaBorehole,Source (untreated),Kenya,0.0,False,0.0,646.0,40.0,29.382812,sipm_temperature,-0.4622724572095009,0.1773340152829154,0,1.1942149729888163,1.0804479481577711
B202606090701,G202606090654,50065,2026-06-09 07:01:00,2026-06-09 07:01:00+00:00,Isiolo.Isiolo.Ngaremara.Kona (Ngalabilabia).KonaBorehole,Source (untreated),Kenya,0.0,False,0.0,345.0,42.0,35.081604,temperature (board),0.4975827637911614,0.048790164169432,0,1.064120692325577,0.964313885113922
B202606090704,G202606090654,50053,2026-06-09 07:04:00,2026-06-09 07:04:00+00:00,Isiolo.Isiolo.Ngaremara.Kona (Ngalabilabia).KonaBorehole,Source (untreated),Kenya,0.0,False,0.0,646.0,40.0,29.382812,sipm_temperature,-0.4622724572095009,0.1773340152829154,0,1.1942149729888163,1.0804479481577711
B202606090704,G202606090654,50065,2026-06-09 07:04:00,2026-06-09 07:04:00+00:00,Isiolo.Isiolo.Ngaremara.Kona (Ngalabilabia).KonaBorehole,Source (untreated),Kenya,0.0,False,0.0,363.0,42.0,35.780243,temperature (board),0.6113083579560197,0.048790164169432,0,1.2266369793334917,1.094144883780252
B202606090720,G202606090720,50053,2026-06-09 07:20:00,2026-06-09 07:20:00+00:00,Isiolo.Isiolo.Ngaremara.Kona(Ngalabilabia).NearestToBorehole.KonaWaterKiosk,Treated,Kenya,1.0,False,0.0,917.0,34.0,30.023438,sipm_temperature,0.0042966653837925,0.0298529631496811,0,0.3880199701351489,0.388222478738253
B202606090720,G202606090720,50065,2026-06-09 07:20:00,2026-06-09 07:20:00+00:00,Isiolo.Isiolo.Ngaremara.Kona(Ngalabilabia).NearestToBorehole.KonaWaterKiosk,Treated,Kenya,1.0,False,0.0,316.0,40.0,34.541534,temperature (board),0.325507778105699,0.0,0,0.469880367395707,0.4456640886106895
B202606090723,G202606090720,50053,2026-06-09 07:23:00,2026-06-09 07:23:00+00:00,Isiolo.Isiolo.Ngaremara.Kona(Ngalabilabia).NearestToBorehole.KonaWaterKiosk,Treated,Kenya,2.0,False,0.0,917.0,34.0,30.023438,sipm_temperature,0.0042966653837925,0.0298529631496811,0,0.3880199701351489,0.388222478738253
B202606090723,G202606090720,50065,2026-06-09 07:23:00,2026-06-09 07:23:00+00:00,Isiolo.Isiolo.Ngaremara.Kona(Ngalabilabia).NearestToBorehole.KonaWaterKiosk,Treated,Kenya,2.0,False,0.0,324.5,40.0,35.247757,temperature (board),0.3971481139946551,0.0,0,0.5664570616464712,0.5227345633033695
B202606090726,G202606090720,50053,2026-06-09 07:26:00,2026-06-09 07:26:00+00:00,Isiolo.Isiolo.Ngaremara.Kona(Ngalabilabia).NearestToBorehole.KonaWaterKiosk,Treated,Kenya,2.0,False,0.0,917.0,34.0,30.023438,sipm_temperature,0.0042966653837925,0.0298529631496811,0,0.3880199701351489,0.388222478738253
B202606090726,G202606090720,50065,2026-06-09 07:26:00,2026-06-09 07:26:00+00:00,Isiolo.Isiolo.Ngaremara.Kona(Ngalabilabia).NearestToBorehole.KonaWaterKiosk,Treated,Kenya,2.0,False,0.0,337.0,40.0,37.1373,temperature (board),0.5157039378141182,0.0,0,0.7715642137161796,0.6716624424959743
B202606090748,G202606090748,50053,2026-06-09 07:48:00,2026-06-09 07:48:00+00:00,Isiolo.Isiolo.Ngaremara.Kona(Ngalabilabia).NextToSignPost.ArmartiJuuWaterKiosk,Treated,Kenya,14.0,False,0.0,948.0,34.0,29.359375,sipm_temperature,0.0306806499293657,0.0298529631496811,0,0.4112395787880756,0.4157181331057672
B202606090748,G202606090748,50065,2026-06-09 07:48:00,2026-06-09 07:48:00+00:00,Isiolo.Isiolo.Ngaremara.Kona(Ngalabilabia).NextToSignPost.ArmartiJuuWaterKiosk,Treated,Kenya,14.0,False,0.0,268.0,40.5,33.693085,temperature (board),-0.1312555444761081,0.0124225199985571,0,0.0801567775869046,0.0923511762485459
B202606090751,G202606090748,50053,2026-06-09 07:51:00,2026-06-09 07:51:00+00:00,Isiolo.Isiolo.Ngaremara.Kona(Ngalabilabia).NextToSignPost.ArmartiJuuWaterKiosk,Treated,Kenya,5.0,False,0.0,948.0,34.0,29.359375,sipm_temperature,0.0306806499293657,0.0298529631496811,0,0.4112395787880756,0.4157181331057672
B202606090751,G202606090748,50065,2026-06-09 07:51:00,2026-06-09 07:51:00+00:00,Isiolo.Isiolo.Ngaremara.Kona(Ngalabilabia).NextToSignPost.ArmartiJuuWaterKiosk,Treated,Kenya,5.0,False,0.0,272.5,40.0,33.693085,temperature (board),-0.0864152508037783,0.0,0,0.0286027986010281,0.0486619715229958
B202606090753,G202606090748,50053,2026-06-09 07:53:00,2026-06-09 07:53:00+00:00,Isiolo.Isiolo.Ngaremara.Kona(Ngalabilabia).NextToSignPost.ArmartiJuuWaterKiosk,Treated,Kenya,5.0,False,0.0,948.0,34.0,29.359375,sipm_temperature,0.0306806499293657,0.0298529631496811,0,0.4112395787880756,0.4157181331057672
B202606090753,G202606090748,50065,2026-06-09 07:53:00,2026-06-09 07:53:00+00:00,Isiolo.Isiolo.Ngaremara.Kona(Ngalabilabia).NextToSignPost.ArmartiJuuWaterKiosk,Treated,Kenya,5.0,False,0.0,279.0,40.0,35.655640000000005,temperature (board),0.017203491592026,0.0,0,0.1145894296278798,0.1248705794117463
B202606090828,G202606090828,50053,2026-06-09 08:28:00,2026-06-09 08:28:00+00:00,Isiolo.Isiolo.Ngaremara.Near50m3ElevatedSteelTank.ZebraCenterWaterKiosk,Treated,Kenya,0.0,False,0.0,925.0,33.0,29.328125,sipm_temperature,-0.0042966653837925,-0.0298529631496811,0,-0.0814948790350397,-0.0253816801676272
B202606090828,G202606090828,50065,2026-06-09 08:28:00,2026-06-09 08:28:00+00:00,Isiolo.Isiolo.Ngaremara.Near50m3ElevatedSteelTank.ZebraCenterWaterKiosk,Treated,Kenya,0.0,False,0.0,282.0,40.0,33.58481,temperature (board),0.0398304616924569,0.0,0,0.1603019076714879,0.1703816910243672
B202606090830,G202606090828,50053,2026-06-09 08:30:00,2026-06-09 08:30:00+00:00,Isiolo.Isiolo.Ngaremara.Near50m3ElevatedSteelTank.ZebraCenterWaterKiosk,Treated,Kenya,0.0,False,0.0,925.0,33.0,29.328125,sipm_temperature,-0.0042966653837925,-0.0298529631496811,0,-0.0814948790350397,-0.0253816801676272
B202606090830,G202606090828,50065,2026-06-09 08:30:00,2026-06-09 08:30:00+00:00,Isiolo.Isiolo.Ngaremara.Near50m3ElevatedSteelTank.ZebraCenterWaterKiosk,Treated,Kenya,0.0,False,0.0,281.5,40.0,33.58481,temperature (board),0.0353461267010768,0.0,0,0.1557020522741032,0.1661231221859236
B202606090833,G202606090828,50053,2026-06-09 08:33:00,2026-06-09 08:33:00+00:00,Isiolo.Isiolo.Ngaremara.Near50m3ElevatedSteelTank.ZebraCenterWaterKiosk,Treated,Kenya,0.0,False,0.0,902.0,33.0,30.125,sipm_temperature,-0.0181010881715062,-0.0298529631496811,0,-0.0968922205928623,-0.0461689914927418
B202606090833,G202606090828,50065,2026-06-09 08:33:00,2026-06-09 08:33:00+00:00,Isiolo.Isiolo.Ngaremara.Near50m3ElevatedSteelTank.ZebraCenterWaterKiosk,Treated,Kenya,0.0,False,0.0,283.0,40.0,35.660658999999995,temperature (board),0.0933501626097035,0.0,0,0.2070791632718973,0.2052101373916871
B202606090845,G202606090845,50053,2026-06-09 08:45:00,2026-06-09 08:45:00+00:00,,Treated,Kenya,1.0,False,0.0,885.0,33.0,31.070312,sipm_temperature,-0.0212748514388101,-0.0298529631496811,0,-0.1055797874703362,-0.0614481534479493
B202606090845,G202606090845,50065,2026-06-09 08:45:00,2026-06-09 08:45:00+00:00,,Treated,Kenya,1.0,False,0.0,264.0,40.0,39.75821,temperature (board),-0.0424759890250907,0.0,0,-0.0248551579977795,0.0017587034039396
B202606090848,G202606090845,50053,2026-06-09 08:48:00,2026-06-09 08:48:00+00:00,,Treated,Kenya,0.0,False,0.0,885.0,33.0,31.070312,sipm_temperature,-0.0212748514388101,-0.0298529631496811,0,-0.1055797874703362,-0.0614481534479493
B202606090848,G202606090845,50065,2026-06-09 08:48:00,2026-06-09 08:48:00+00:00,,Treated,Kenya,0.0,False,0.0,264.5,40.0,39.75821,temperature (board),-0.0371849343598222,0.0,0,-0.0164447084199484,0.0084540324377584
B202606100726,G202606100726,50053,2026-06-10 07:26:00,2026-06-10 07:26:00+00:00,,Source (untreated),Kenya,0.0,False,0.0,1022.0,33.0,26.796875,sipm_temperature,0.0424504266793821,-0.0150378773645405,0,0.0635019749033012,0.0923016892945987
B202606100726,G202606100726,50065,2026-06-10 07:26:00,2026-06-10 07:26:00+00:00,,Source (untreated),Kenya,0.0,False,0.0,318.5,40.0,29.098297,temperature (board),-0.0133329879122339,-0.0093313274288843,0,0.0520156482303834,0.0582977348154667
B202606100730,G202606100726,50053,2026-06-10 07:30:00,2026-06-10 07:30:00+00:00,,Source (untreated),Kenya,0.0,False,0.0,1022.0,33.0,26.796875,sipm_temperature,0.0424504266793821,-0.0150378773645405,0,0.0635019749033012,0.0923016892945987
B202606100730,G202606100726,50065,2026-06-10 07:30:00,2026-06-10 07:30:00+00:00,,Source (untreated),Kenya,0.0,False,0.0,312.5,40.0,29.7440795,temperature (board),-0.0334753957847411,-0.0093313274288843,0,0.0225660071287011,0.0361502073210716
B202606100753,G202606100753,50053,2026-06-10 07:53:00,2026-06-10 07:53:00+00:00,Isiolo.Isiolo.Ngaremara.Nasuroi.NearestToFarm.WaterKiosk2,Source (untreated),Kenya,14.0,False,0.0,968.0,33.0,28.757812,sipm_temperature,0.0191326427998754,-0.0150378773645405,0,0.0452921568245664,0.0621923557270748
B202606100753,G202606100753,50065,2026-06-10 07:53:00,2026-06-10 07:53:00+00:00,Isiolo.Isiolo.Ngaremara.Nasuroi.NearestToFarm.WaterKiosk2,Source (untreated),Kenya,14.0,False,0.0,340.0,40.0,32.361237,temperature (board),0.1923115275046027,-0.0093313274288843,0,0.4016283288722545,0.2581074641611231
B202606100757,G202606100753,50053,2026-06-10 07:57:00,2026-06-10 07:57:00+00:00,Isiolo.Isiolo.Ngaremara.Nasuroi.NearestToFarm.WaterKiosk2,Source (untreated),Kenya,48.0,False,0.0,995.0,33.0,27.835938,sipm_temperature,0.0325871406847468,-0.0150378773645405,0,0.0555531277185429,0.0788322167740685
B202606100757,G202606100753,50065,2026-06-10 07:57:00,2026-06-10 07:57:00+00:00,Isiolo.Isiolo.Ngaremara.Nasuroi.NearestToFarm.WaterKiosk2,Source (untreated),Kenya,48.0,False,0.0,338.5,40.0,34.9028465,temperature (board),0.2380890418675072,-0.0093313274288843,0,0.5319556434977077,0.2876838478507935
B202606101045,G202606101045,50053,2026-06-10 10:45:00,2026-06-10 10:45:00+00:00,Isiolo.Isiolo.Ngaremara.Nasuroi.ClaraChlorinationSystem,Treated,Kenya,0.0,False,0.5,943.0,33.0,29.703125,sipm_temperature,0.0128977364812126,-0.0150378773645405,0,0.0387470694913132,0.0535290391713859
B202606101045,G202606101045,50065,2026-06-10 10:45:00,2026-06-10 10:45:00+00:00,Isiolo.Isiolo.Ngaremara.Nasuroi.ClaraChlorinationSystem,Treated,Kenya,0.0,False,0.5,292.0,40.0,32.2315675,temperature (board),-0.148375926876179,-0.006230549750636,0,-0.155585325457453,-0.0649784133180834
B202606101050,G202606101045,50053,2026-06-10 10:50:00,2026-06-10 10:50:00+00:00,Isiolo.Isiolo.Ngaremara.Nasuroi.ClaraChlorinationSystem,Treated,Kenya,0.0,False,0.5,923.0,34.0,30.703125,sipm_temperature,0.0081839156936842,0.0148150857851406,0,0.2649412899946319,0.2099795583982583
B202606101050,G202606101045,50065,2026-06-10 10:50:00,2026-06-10 10:50:00+00:00,Isiolo.Isiolo.Ngaremara.Nasuroi.ClaraChlorinationSystem,Treated,Kenya,0.0,False,0.5,316.0,41.0,36.561997,temperature (board),0.1244248177799347,0.0184620628397353,0,0.4933806452034272,0.3248132121003714
B202606101110,G202606101110,50053,2026-06-10 11:10:00,2026-06-10 11:10:00+00:00,Isiolo.Isiolo.Ngaremara.Nasuroi.NasuroiBorehole,Source (untreated),Kenya,0.0,False,0.0,929.0,34.0,31.03125,sipm_temperature,0.0179047397456963,0.0148150857851406,0,0.2701936639351356,0.2192466650692665
B202606101110,G202606101110,50065,2026-06-10 11:10:00,2026-06-10 11:10:00+00:00,Isiolo.Isiolo.Ngaremara.Nasuroi.NasuroiBorehole,Source (untreated),Kenya,0.0,False,0.0,329.0,39.5,39.336502,temperature (board),0.2753657120847377,-0.0219101096357444,0,0.6369340539475828,0.2230805034359267
B202606101113,G202606101110,50053,2026-06-10 11:13:00,2026-06-10 11:13:00+00:00,Isiolo.Isiolo.Ngaremara.Nasuroi.NasuroiBorehole,Source (untreated),Kenya,0.0,False,0.0,930.0,34.0,31.109375,sipm_temperature,0.0209010831304432,0.0148150857851406,0,0.2719108021187905,0.2221318904260456
B202606101113,G202606101110,50065,2026-06-10 11:13:00,2026-06-10 11:13:00+00:00,Isiolo.Isiolo.Ngaremara.Nasuroi.NasuroiBorehole,Source (untreated),Kenya,0.0,False,0.0,336.5,40.0,39.389389,temperature (board),0.3225730851062609,-0.0093313274288843,0,0.8160570110606808,0.3325002073337909
B202606101122,G202606101122,50053,2026-06-10 11:22:00,2026-06-10 11:22:00+00:00,,Treated,Kenya,0.0,False,0.2,899.0,33.0,31.1875,sipm_temperature,-0.024334343685,-0.0150378773645405,0,0.0099968591842378,0.0123862592459401
B202606101122,G202606101122,50065,2026-06-10 11:22:00,2026-06-10 11:22:00+00:00,,Treated,Kenya,0.0,False,0.2,289.5,40.5,37.7919,temperature (board),-0.0378526045322074,0.0,0,0.0576584460740316,0.0730391256163969
B202606101125,G202606101122,50053,2026-06-10 11:25:00,2026-06-10 11:25:00+00:00,,Treated,Kenya,0.0,False,0.2,916.0,34.0,31.398438,sipm_temperature,0.0032526915101023,0.0148150857851406,0,0.2595070189795189,0.2035433473340895
B202606101125,G202606101122,50065,2026-06-10 11:25:00,2026-06-10 11:25:00+00:00,,Treated,Kenya,0.0,False,0.2,302.0,40.0,37.7919,temperature (board),0.0618037136284526,-0.0124225199985572,0,0.1993555147420377,0.0943868004928419
B202606100932,G202606100932,50053,2026-06-10 09:32:00,2026-06-10 09:32:00+00:00,,Source (untreated),Kenya,1.0,False,0.0,995.0,33.0,27.859375,sipm_temperature,0.0330910361847474,-0.0150378773645405,0,0.0557788304293721,0.079318517936825
B202606100932,G202606100932,50065,2026-06-10 09:32:00,2026-06-10 09:32:00+00:00,,Source (untreated),Kenya,1.0,False,0.0,317.5,40.0,30.347076,temperature (board),0.0069850927812389,-0.0093313274288843,0,0.0837875811510835,0.0772714548111243
B202606100937,G202606100932,50053,2026-06-10 09:37:00,2026-06-10 09:37:00+00:00,,Source (untreated),Kenya,0.0,False,0.0,977.0,33.0,28.5,sipm_temperature,0.0248047556200159,-0.0150378773645405,0,0.0493374384942692,0.0688419527885216
B202606100937,G202606100932,50065,2026-06-10 09:37:00,2026-06-10 09:37:00+00:00,,Source (untreated),Kenya,0.0,False,0.0,307.5,41.0,32.913865,temperature (board),-0.0116244817175346,0.0153612851614871,0,0.1971262523143246,0.1888704861011514
B202606110822,G202606110822,50053,2026-06-11 08:22:00,2026-06-11 08:22:00+00:00,Isiolo.Garbatulla.Kulamawe 1 (police station).Borehole,Source (untreated),Kenya,0.0,False,0.0,653.0,33.0,31.179688,sipm_temperature,-0.3462582760535877,-0.0298529631496811,0,-0.3167032069119793,-0.4020551538798086
B202606110822,G202606110822,50065,2026-06-11 08:22:00,2026-06-11 08:22:00+00:00,Isiolo.Garbatulla.Kulamawe 1 (police station).Borehole,Source (untreated),Kenya,0.0,False,0.0,300.0,39.0,34.59189,temperature (board),0.1710126889792249,-0.0158985860677982,0,0.398341880353568,0.2054302969587933
B202606110829,G202606110829,50053,2026-06-11 08:29:00,2026-06-11 08:29:00+00:00,Isiolo.Garbatulla.Kulamawe 1 (police station).Borehole,Source (untreated),Kenya,0.0,False,0.0,638.0,35.0,31.679688,sipm_temperature,-0.3670566337885121,0.0289875368732521,0,0.1171215114462925,-0.1043746474374416
B202606110829,G202606110829,50065,2026-06-11 08:29:00,2026-06-11 08:29:00+00:00,Isiolo.Garbatulla.Kulamawe 1 (police station).Borehole,Source (untreated),Kenya,0.0,False,0.0,307.0,39.0,37.351288,temperature (board),0.2827862213517678,-0.0158985860677982,0,0.7627108971720696,0.2955082368422133
B202606110832,G202606110829,50053,2026-06-11 08:32:00,2026-06-11 08:32:00+00:00,Isiolo.Garbatulla.Kulamawe 1 (police station).Borehole,Source (untreated),Kenya,0.0,False,0.0,638.0,35.0,31.679688,sipm_temperature,-0.3670566337885121,0.0289875368732521,0,0.1171215114462925,-0.1043746474374416
B202606110832,G202606110829,50065,2026-06-11 08:32:00,2026-06-11 08:32:00+00:00,Isiolo.Garbatulla.Kulamawe 1 (police station).Borehole,Source (untreated),Kenya,0.0,False,0.0,307.0,39.5,37.351288,temperature (board),0.2827862213517678,-0.0031595602903684,0,0.8375746892645545,0.3646891549553179
B202606110914,G202606110914,50065,2026-06-11 09:14:00,2026-06-11 09:14:00+00:00,Isiolo.Garbatula.Kinna.Kulamawe1 (Police station).Near Old Livestock troughts.Stand tap 1,Treated,Kenya,0.0,False,2.0,274.0,40.0,37.81961,temperature (board),0.0329056953300321,0.0189280098855188,0,0.2515518889829212,0.2369437580619004
B202606110916,G202606110914,50053,2026-06-11 09:16:00,2026-06-11 09:16:00+00:00,Isiolo.Garbatula.Kinna.Kulamawe1 (Police station).Near Old Livestock troughts.Stand tap 1,Treated,Kenya,0.0,False,2.0,859.0,34.0,31.117188,sipm_temperature,0.0152451826149997,0.0,0,0.1650514044134812,0.1489458376783168
B202606110916,G202606110914,50065,2026-06-11 09:16:00,2026-06-11 09:16:00+00:00,Isiolo.Garbatula.Kinna.Kulamawe1 (Police station).Near Old Livestock troughts.Stand tap 1,Treated,Kenya,0.0,False,2.0,274.0,40.0,37.78183,temperature (board),0.0329056953300321,0.0189280098855188,0,0.2517095338612486,0.2371342419988124
B202606110850,G202606110850,50053,2026-06-11 08:50:00,2026-06-11 08:50:00+00:00,Isiolo.Garbatula.Kinna.Kulamawe1 (Police station).Near Old Livestock troughts.Stand tap 1,Source (untreated),Kenya,2.0,False,0.0,887.0,33.0,31.210938,sipm_temperature,0.0494727858934602,-0.0298529631496811,0,-0.0419339148445576,0.023153091320523
B202606110850,G202606110850,50065,2026-06-11 08:50:00,2026-06-11 08:50:00+00:00,Isiolo.Garbatula.Kinna.Kulamawe1 (Police station).Near Old Livestock troughts.Stand tap 1,Source (untreated),Kenya,2.0,False,0.0,285.5,39.0,35.196136,temperature (board),0.0657306872584504,-0.0158985860677982,0,0.1411086501680022,0.094335696566294
B202606110853,G202606110850,50053,2026-06-11 08:53:00,2026-06-11 08:53:00+00:00,Isiolo.Garbatula.Kinna.Kulamawe1 (Police station).Near Old Livestock troughts.Stand tap 1,Source (untreated),Kenya,1.0,False,0.0,887.0,33.0,31.210938,sipm_temperature,0.0494727858934602,-0.0298529631496811,0,-0.0419339148445576,0.023153091320523
B202606110853,G202606110850,50065,2026-06-11 08:53:00,2026-06-11 08:53:00+00:00,Isiolo.Garbatula.Kinna.Kulamawe1 (Police station).Near Old Livestock troughts.Stand tap 1,Source (untreated),Kenya,1.0,False,0.0,290.5,40.0,36.71559,temperature (board),0.1407789327130366,0.0094192219164915,0,0.4982776867996163,0.2978162501609164
B202606110856,G202606110850,50053,2026-06-11 08:56:00,2026-06-11 08:56:00+00:00,Isiolo.Garbatula.Kinna.Kulamawe1 (Police station).Near Old Livestock troughts.Stand tap 1,Source (untreated),Kenya,2.0,False,0.0,887.0,33.0,31.210938,sipm_temperature,0.0494727858934602,-0.0298529631496811,0,-0.0419339148445576,0.023153091320523
B202606110856,G202606110850,50065,2026-06-11 08:56:00,2026-06-11 08:56:00+00:00,Isiolo.Garbatula.Kinna.Kulamawe1 (Police station).Near Old Livestock troughts.Stand tap 1,Source (untreated),Kenya,2.0,False,0.0,299.0,39.0,37.341217,temperature (board),0.2222809738535138,-0.0158985860677982,0,0.5896154085573525,0.2361835292588526
B202606110924,G202606110924,50053,2026-06-11 09:24:00,2026-06-11 09:24:00+00:00,Isiolo.Garbatula.Kinna.Kulamawe1 (Police station).Near Old Livestock troughts.Stand tap 1,Treated,Kenya,0.0,False,3.0,844.0,34.0,31.515625,sipm_temperature,-0.0134447646013518,0.0,0,0.1439020607430891,0.1163495042822937
B202606110924,G202606110924,50065,2026-06-11 09:24:00,2026-06-11 09:24:00+00:00,Isiolo.Garbatula.Kinna.Kulamawe1 (Police station).Near Old Livestock troughts.Stand tap 1,Treated,Kenya,0.0,False,3.0,268.0,39.0,38.511963,temperature (board),-0.0431546215067832,-0.0253178079842898,0,-0.2417536826862427,-0.0801741364333533
B202606110929,G202606110924,50053,2026-06-11 09:29:00,2026-06-11 09:29:00+00:00,Isiolo.Garbatula.Kinna.Kulamawe1 (Police station).Near Old Livestock troughts.Stand tap 1,Treated,Kenya,0.0,False,3.0,840.0,34.0,31.625,sipm_temperature,-0.0170456006286476,0.0,0,0.1410110272025554,0.1120281516834512
B202606110929,G202606110924,50065,2026-06-11 09:29:00,2026-06-11 09:29:00+00:00,Isiolo.Garbatula.Kinna.Kulamawe1 (Police station).Near Old Livestock troughts.Stand tap 1,Treated,Kenya,0.0,False,3.0,270.0,39.5,38.552246,temperature (board),-0.022656769153281,-0.01257878220686,0,-0.1052996990904865,0.0086033961128617
